object	program	c_insns	rust_insns	c_entry	rust_entry	c_funcs	rust_funcs	c_stack	rust_stack	c_alu64	c_alu32	c_ldx_stack	c_stx_stack	c_ldx_mem	c_stx_mem	c_ld_imm64	c_branch	c_goto	c_call_helper	c_call_bpf2bpf	c_call_kfunc	c_atomic	c_endian	c_exit	c_ld_abs_ind	c_other	rust_alu64	rust_alu32	rust_ldx_stack	rust_stx_stack	rust_ldx_mem	rust_stx_mem	rust_ld_imm64	rust_branch	rust_goto	rust_call_helper	rust_call_bpf2bpf	rust_call_kfunc	rust_atomic	rust_endian	rust_exit	rust_ld_abs_ind	rust_other
arena_atomics	raw_tp/sys_enter:add	44	43	44	43	1	1	8	8	12	2	1	1	1	4	16	1	0	1	0	0	4	0	1	0	0	11	2	1	1	1	4	16	1	0	1	0	0	4	0	1	0	0
arena_atomics	raw_tp/sys_enter:and	19	19	19	19	1	1	0	0	3	2	0	0	1	0	8	1	0	1	0	0	2	0	1	0	0	3	2	0	0	1	0	8	1	0	1	0	0	2	0	1	0	0
arena_atomics	raw_tp/sys_enter:cmpxchg	42	42	42	42	1	1	0	0	11	5	0	0	1	4	14	1	0	1	0	0	4	0	1	0	0	11	5	0	0	1	4	14	1	0	1	0	0	4	0	1	0	0
arena_atomics	raw_tp/sys_enter:load_acquire	34	34	34	34	1	1	0	0	8	1	0	0	0	4	16	0	0	0	0	0	4	0	1	0	0	8	1	0	0	4	4	16	0	0	0	0	0	0	0	1	0	0
arena_atomics	raw_tp/sys_enter:or	19	19	19	19	1	1	0	0	3	2	0	0	1	0	8	1	0	1	0	0	2	0	1	0	0	3	2	0	0	1	0	8	1	0	1	0	0	2	0	1	0	0
arena_atomics	raw_tp/sys_enter:store_release	23	23	23	23	1	1	0	0	7	1	0	0	0	0	10	0	0	0	0	0	4	0	1	0	0	4	4	0	0	0	4	10	0	0	0	0	0	0	0	1	0	0
arena_atomics	raw_tp/sys_enter:sub	46	45	46	45	1	1	8	8	13	3	1	1	1	4	16	1	0	1	0	0	4	0	1	0	0	12	3	1	1	1	4	16	1	0	1	0	0	4	0	1	0	0
arena_atomics	raw_tp/sys_enter:xchg	26	26	26	26	1	1	0	0	6	2	0	0	1	2	10	1	0	1	0	0	2	0	1	0	0	6	2	0	0	1	2	10	1	0	1	0	0	2	0	1	0	0
arena_atomics	raw_tp/sys_enter:xor	19	19	19	19	1	1	0	0	3	2	0	0	1	0	8	1	0	1	0	0	2	0	1	0	0	3	2	0	0	1	0	8	1	0	1	0	0	2	0	1	0	0
arena_atomics	syscall:uaf	3	3	3	3	1	1	0	0	0	1	0	0	0	0	0	0	0	1	0	0	0	0	1	0	0	0	1	0	0	0	0	0	0	0	1	0	0	0	0	1	0	0
atomic_bounds	fentry/bpf_fentry_test1:sub	8	7	8	7	1	1	4	4	0	3	0	1	0	0	0	1	1	0	0	0	1	0	1	0	0	0	2	0	1	0	0	0	1	1	0	0	0	1	0	1	0	0
atomics	raw_tp/sys_enter:add	37	36	37	36	1	1	8	8	5	2	1	1	1	4	16	1	0	1	0	0	4	0	1	0	0	4	2	1	1	1	4	16	1	0	1	0	0	4	0	1	0	0
atomics	raw_tp/sys_enter:and	28	28	28	28	1	1	0	0	1	2	0	0	1	2	16	1	0	1	0	0	3	0	1	0	0	1	2	0	0	1	2	16	1	0	1	0	0	3	0	1	0	0
atomics	raw_tp/sys_enter:cmpxchg	36	36	36	36	1	1	0	0	5	5	0	0	1	4	14	1	0	1	0	0	4	0	1	0	0	5	5	0	0	1	4	14	1	0	1	0	0	4	0	1	0	0
atomics	raw_tp/sys_enter:or	28	28	28	28	1	1	0	0	1	2	0	0	1	2	16	1	0	1	0	0	3	0	1	0	0	1	2	0	0	1	2	16	1	0	1	0	0	3	0	1	0	0
atomics	raw_tp/sys_enter:sub	39	38	39	38	1	1	8	8	6	3	1	1	1	4	16	1	0	1	0	0	4	0	1	0	0	5	3	1	1	1	4	16	1	0	1	0	0	4	0	1	0	0
atomics	raw_tp/sys_enter:xchg	22	22	22	22	1	1	0	0	2	2	0	0	1	2	10	1	0	1	0	0	2	0	1	0	0	2	2	0	0	1	2	10	1	0	1	0	0	2	0	1	0	0
atomics	raw_tp/sys_enter:xor	28	28	28	28	1	1	0	0	1	2	0	0	1	2	16	1	0	1	0	0	3	0	1	0	0	1	2	0	0	1	2	16	1	0	1	0	0	3	0	1	0	0
bad_struct_ops	struct_ops/test_1:test_1	2	2	2	2	1	1	0	0	0	1	0	0	0	0	0	0	0	0	0	0	0	0	1	0	0	0	1	0	0	0	0	0	0	0	0	0	0	0	0	1	0	0
bad_struct_ops	struct_ops/test_2:test_2	2	2	2	2	1	1	0	0	0	1	0	0	0	0	0	0	0	0	0	0	0	0	1	0	0	0	1	0	0	0	0	0	0	0	0	0	0	0	0	1	0	0
bad_struct_ops2	struct_ops/foo:foo	1	1	1	1	1	1	0	0	0	0	0	0	0	0	0	0	0	0	0	0	0	0	1	0	0	0	0	0	0	0	0	0	0	0	0	0	0	0	0	1	0	0
bind4_prog	cgroup/bind4:bind_v4_deny_prog	2	2	2	2	1	1	0	0	0	1	0	0	0	0	0	0	0	0	0	0	0	0	1	0	0	0	1	0	0	0	0	0	0	0	0	0	0	0	0	1	0	0
bind4_prog	cgroup/bind4:bind_v4_prog	241	268	64	63	4	4	72	72	52	85	8	11	16	2	10	34	0	15	4	0	0	0	4	0	0	49	78	8	57	16	2	0	34	1	15	4	0	0	0	4	0	0
bind6_prog	cgroup/bind6:bind_v6_deny_prog	2	2	2	2	1	1	0	0	0	1	0	0	0	0	0	0	0	0	0	0	0	0	1	0	0	0	1	0	0	0	0	0	0	0	0	0	0	0	0	1	0	0
bind6_prog	cgroup/bind6:bind_v6_prog	304	284	127	129	4	4	72	12	53	108	8	11	43	3	12	43	0	15	4	0	0	0	4	0	0	41	102	8	7	43	3	10	43	4	15	4	0	0	0	4	0	0
bind_perm	cgroup/bind4:bind_v4_prog	12	13	12	13	1	1	0	0	0	3	0	0	4	0	0	4	0	0	0	0	0	0	1	0	0	0	3	0	0	4	0	0	4	1	0	0	0	0	0	1	0	0
bind_perm	cgroup/bind6:bind_v6_prog	12	13	12	13	1	1	0	0	0	3	0	0	4	0	0	4	0	0	0	0	0	0	1	0	0	0	3	0	0	4	0	0	4	1	0	0	0	0	0	1	0	0
bpf_dctcp_release	struct_ops:dctcp_nouse_release	8	8	8	8	1	1	0	0	0	3	0	0	1	0	2	0	0	1	0	0	0	0	1	0	0	0	3	0	0	1	0	2	0	0	1	0	0	0	0	1	0	0
bpf_gotox	syscall:big_jump_table	2	2	2	2	1	1	0	0	0	1	0	0	0	0	0	0	0	0	0	0	0	0	1	0	0	0	1	0	0	0	0	0	0	0	0	0	0	0	0	1	0	0
bpf_gotox	syscall:load_with_nonzero_offset	2	2	2	2	1	1	0	0	0	1	0	0	0	0	0	0	0	0	0	0	0	0	1	0	0	0	1	0	0	0	0	0	0	0	0	0	0	0	0	1	0	0
bpf_gotox	syscall:one_jump_two_maps	2	2	2	2	1	1	0	0	0	1	0	0	0	0	0	0	0	0	0	0	0	0	1	0	0	0	1	0	0	0	0	0	0	0	0	0	0	0	0	1	0	0
bpf_gotox	syscall:one_map_two_jumps	2	2	2	2	1	1	0	0	0	1	0	0	0	0	0	0	0	0	0	0	0	0	1	0	0	0	1	0	0	0	0	0	0	0	0	0	0	0	0	1	0	0
bpf_gotox	syscall:one_switch	2	2	2	2	1	1	0	0	0	1	0	0	0	0	0	0	0	0	0	0	0	0	1	0	0	0	1	0	0	0	0	0	0	0	0	0	0	0	0	1	0	0
bpf_gotox	syscall:one_switch_non_zero_sec_off	2	2	2	2	1	1	0	0	0	1	0	0	0	0	0	0	0	0	0	0	0	0	1	0	0	0	1	0	0	0	0	0	0	0	0	0	0	0	0	1	0	0
bpf_gotox	syscall:simple_test_other_sec	2	2	2	2	1	1	0	0	0	1	0	0	0	0	0	0	0	0	0	0	0	0	1	0	0	0	1	0	0	0	0	0	0	0	0	0	0	0	0	1	0	0
bpf_gotox	syscall:two_switches	2	2	2	2	1	1	0	0	0	1	0	0	0	0	0	0	0	0	0	0	0	0	1	0	0	0	1	0	0	0	0	0	0	0	0	0	0	0	0	1	0	0
bpf_gotox	syscall:use_nonstatic_global1	2	2	2	2	1	1	0	0	0	1	0	0	0	0	0	0	0	0	0	0	0	0	1	0	0	0	1	0	0	0	0	0	0	0	0	0	0	0	0	1	0	0
bpf_gotox	syscall:use_nonstatic_global2	2	2	2	2	1	1	0	0	0	1	0	0	0	0	0	0	0	0	0	0	0	0	1	0	0	0	1	0	0	0	0	0	0	0	0	0	0	0	0	1	0	0
bpf_gotox	syscall:use_nonstatic_global_other_sec	2	2	2	2	1	1	0	0	0	1	0	0	0	0	0	0	0	0	0	0	0	0	1	0	0	0	1	0	0	0	0	0	0	0	0	0	0	0	0	1	0	0
bpf_gotox	syscall:use_static_global1	2	2	2	2	1	1	0	0	0	1	0	0	0	0	0	0	0	0	0	0	0	0	1	0	0	0	1	0	0	0	0	0	0	0	0	0	0	0	0	1	0	0
bpf_gotox	syscall:use_static_global2	2	2	2	2	1	1	0	0	0	1	0	0	0	0	0	0	0	0	0	0	0	0	1	0	0	0	1	0	0	0	0	0	0	0	0	0	0	0	0	1	0	0
bpf_gotox	syscall:use_static_global_other_sec	2	2	2	2	1	1	0	0	0	1	0	0	0	0	0	0	0	0	0	0	0	0	1	0	0	0	1	0	0	0	0	0	0	0	0	0	0	0	0	1	0	0
bpf_iter_bpf_array_map	iter/bpf_map_elem:dump_bpf_array_map	44	39	44	39	1	1	0	0	9	4	0	0	11	4	8	3	0	4	0	0	0	0	1	0	0	6	4	0	0	9	4	8	3	0	4	0	0	0	0	1	0	0
bpf_iter_bpf_link	iter/bpf_link:dump_bpf_link	13	12	13	12	1	1	4	4	3	2	0	1	4	0	0	1	0	1	0	0	0	0	1	0	0	2	2	0	1	4	0	0	1	0	1	0	0	0	0	1	0	0
bpf_iter_bpf_map	iter/bpf_map:dump_bpf_map	40	38	40	38	1	1	32	32	10	7	0	4	7	0	6	2	1	2	0	0	0	0	1	0	0	7	7	0	4	7	0	6	2	2	2	0	0	0	0	1	0	0
bpf_iter_bpf_percpu_array_map	iter/bpf_map_elem:dump_bpf_percpu_array_map	27	27	27	27	1	1	0	0	1	5	0	0	8	2	6	4	0	0	0	0	0	0	1	0	0	1	6	0	0	7	2	6	4	0	0	0	0	0	0	1	0	0
bpf_iter_bpf_percpu_hash_map	iter/bpf_map_elem:dump_bpf_percpu_hash_map	39	39	39	39	1	1	0	0	1	7	0	0	12	4	10	4	0	0	0	0	0	0	1	0	0	1	8	0	0	11	4	10	4	0	0	0	0	0	0	1	0	0
bpf_iter_bpf_rhash_map	iter/bpf_map_elem:dump_bpf_rhash_map	23	23	23	23	1	1	0	0	1	3	0	0	7	3	6	2	0	0	0	0	0	0	1	0	0	1	3	0	0	7	3	6	2	0	0	0	0	0	0	1	0	0
bpf_iter_bpf_sk_storage_map	iter/bpf_sk_storage_map:oob_write_bpf_sk_storage_map	8	7	8	7	1	1	0	0	0	2	0	0	2	1	0	2	0	0	0	0	0	0	1	0	0	0	1	0	0	2	1	0	2	0	0	0	0	0	0	1	0	0
bpf_iter_bpf_sk_storage_map	iter/bpf_sk_storage_map:rw_bpf_sk_storage_map	25	25	25	25	1	1	0	0	0	4	0	0	8	3	6	3	0	0	0	0	0	0	1	0	0	0	4	0	0	7	3	6	3	1	0	0	0	0	0	1	0	0
bpf_iter_map_elem	iter/bpf_map_elem:dump_bpf_map_values	17	15	17	15	1	1	4	4	2	4	1	1	3	1	2	1	0	1	0	0	0	0	1	0	0	2	3	1	1	2	1	2	1	0	1	0	0	0	0	1	0	0
bpf_iter_netlink	iter/netlink:dump_netlink	103	80	97	80	2	1	64	96	39	12	2	12	15	0	8	4	2	6	1	0	0	0	2	0	0	18	12	2	12	16	0	8	4	1	6	0	0	0	0	1	0	0
bpf_iter_setsockopt	iter/tcp:change_tcp_cc	63	57	63	57	1	1	0	0	8	16	0	0	10	0	10	12	0	5	0	0	0	1	1	0	0	8	12	0	0	8	0	10	12	0	5	0	0	0	1	1	0	0
bpf_iter_setsockopt_unix	iter/unix:change_sndbuf	128	130	128	130	1	1	0	8	23	31	0	0	17	0	26	18	2	10	0	0	0	0	1	0	0	21	32	6	2	8	0	28	19	2	11	0	0	0	0	1	0	0
bpf_iter_sockmap	iter/sockmap:copy	43	43	43	43	1	1	4	4	7	11	0	1	5	2	8	5	1	2	0	0	0	0	1	0	0	7	11	0	1	5	2	8	5	1	2	0	0	0	0	1	0	0
bpf_iter_task_file	iter/task_file:dump_task_file	68	58	68	58	1	1	32	32	10	8	0	4	19	4	14	6	0	2	0	0	0	0	1	0	0	4	7	0	4	14	4	14	6	2	2	0	0	0	0	1	0	0
bpf_iter_test_kern1	iter/task:dump_task	17	17	17	17	1	1	1	1	2	4	0	1	4	1	2	1	0	1	0	0	0	0	1	0	0	2	4	0	1	4	1	2	1	0	1	0	0	0	0	1	0	0
bpf_iter_test_kern2	iter/task:dump_task	17	17	17	17	1	1	1	1	2	4	0	1	4	1	2	1	0	1	0	0	0	0	1	0	0	2	4	0	1	4	1	2	1	0	1	0	0	0	0	1	0	0
bpf_iter_test_kern3	iter/task:dump_task	11	11	11	11	1	1	4	4	2	2	0	1	4	0	0	0	0	1	0	0	0	0	1	0	0	2	2	0	1	4	0	0	0	0	1	0	0	0	0	1	0	0
bpf_iter_test_kern4	iter/bpf_map:dump_bpf_map	68	64	68	64	1	1	8	8	3	8	0	1	17	5	22	9	1	1	0	0	0	0	1	0	0	3	9	0	1	11	5	20	9	4	1	0	0	0	0	1	0	0
bpf_iter_test_kern5	iter/bpf_map_elem:dump_bpf_hash_map	10	19	10	19	1	1	0	0	0	2	0	0	3	1	2	1	0	0	0	0	0	0	1	0	0	0	8	0	0	6	1	2	1	0	0	0	0	0	0	1	0	0
bpf_iter_test_kern6	iter/bpf_map_elem:dump_bpf_hash_map	10	19	10	19	1	1	0	0	0	2	0	0	3	1	2	1	0	0	0	0	0	0	1	0	0	0	8	0	0	6	1	2	1	0	0	0	0	0	0	1	0	0
bpf_iter_vma_offset	iter/task_vma:get_vma_offset	51	47	51	47	1	1	0	0	6	4	0	0	16	3	14	6	0	1	0	0	0	0	1	0	0	4	5	0	0	13	3	14	6	0	1	0	0	0	0	1	0	0
bpf_qdisc_fail__incompl_ops	struct_ops:bpf_qdisc_test_dequeue	2	2	2	2	1	1	0	0	1	0	0	0	0	0	0	0	0	0	0	0	0	0	1	0	0	1	0	0	0	0	0	0	0	0	0	0	0	0	0	1	0	0
bpf_qdisc_fail__incompl_ops	struct_ops:bpf_qdisc_test_destroy	1	1	1	1	1	1	0	0	0	0	0	0	0	0	0	0	0	0	0	0	0	0	1	0	0	0	0	0	0	0	0	0	0	0	0	0	0	0	0	1	0	0
bpf_qdisc_fail__incompl_ops	struct_ops:bpf_qdisc_test_enqueue	5	5	5	5	1	1	0	0	0	1	0	0	2	0	0	0	0	0	1	0	0	0	1	0	0	0	1	0	0	2	0	0	0	0	0	1	0	0	0	1	0	0
bpf_qdisc_fail__incompl_ops	struct_ops:bpf_qdisc_test_reset	1	1	1	1	1	1	0	0	0	0	0	0	0	0	0	0	0	0	0	0	0	0	1	0	0	0	0	0	0	0	0	0	0	0	0	0	0	0	0	1	0	0
bpf_smc	fentry/smc_release:bpf_smc_release	11	11	11	11	1	1	0	0	0	2	0	0	4	1	2	1	0	0	0	0	0	0	1	0	0	0	2	0	0	4	1	2	1	0	0	0	0	0	0	1	0	0
bpf_smc	fentry/smc_switch_to_fallback:bpf_smc_switch_to_fallback	11	12	11	12	1	1	0	0	0	2	0	0	3	1	2	2	0	0	0	0	0	0	1	0	0	0	2	0	0	3	1	2	2	1	0	0	0	0	0	1	0	0
bpf_smc	fmod_ret/update_socket_protocol:smc_run	24	24	24	24	1	1	0	0	6	1	0	0	6	0	2	7	0	1	0	0	0	0	1	0	0	5	2	0	0	6	0	0	7	2	1	0	0	0	0	1	0	0
bpf_smc	struct_ops:bpf_smc_set_tcp_option	19	19	19	19	1	1	8	8	3	2	0	2	4	0	4	2	0	1	0	0	0	0	1	0	0	3	2	0	2	4	0	4	2	0	1	0	0	0	0	1	0	0
bpf_smc	struct_ops:bpf_smc_set_tcp_option_cond	19	19	19	19	1	1	8	8	3	2	0	2	4	0	4	2	0	1	0	0	0	0	1	0	0	3	2	0	2	4	0	4	2	0	1	0	0	0	0	1	0	0
bpf_tcp_nogpl	struct_ops:nogpltcp_init	1	1	1	1	1	1	0	0	0	0	0	0	0	0	0	0	0	0	0	0	0	0	1	0	0	0	0	0	0	0	0	0	0	0	0	0	0	0	0	1	0	0
bprm_opts	lsm/bprm_creds_for_exec:secure_exec	16	17	16	17	1	1	0	0	5	1	0	0	2	0	2	2	0	3	0	0	0	0	1	0	0	5	1	0	0	2	0	2	2	1	3	0	0	0	0	1	0	0
btf_type_tag	fentry/bpf_fentry_test1:sub	2	2	2	2	1	1	0	0	0	1	0	0	0	0	0	0	0	0	0	0	0	0	1	0	0	0	1	0	0	0	0	0	0	0	0	0	0	0	0	1	0	0
btf_type_tag_percpu	fentry/bpf_testmod_test_btf_type_tag_percpu_1:test_percpu1	9	7	9	7	1	1	0	0	2	1	0	0	2	1	2	0	0	0	0	0	0	0	1	0	0	0	1	0	0	2	1	2	0	0	0	0	0	0	0	1	0	0
btf_type_tag_percpu	fentry/bpf_testmod_test_btf_type_tag_percpu_2:test_percpu2	10	8	10	8	1	1	0	0	2	1	0	0	3	1	2	0	0	0	0	0	0	0	1	0	0	0	1	0	0	3	1	2	0	0	0	0	0	0	0	1	0	0
btf_type_tag_percpu	tp_btf/cgroup_mkdir:test_percpu_helper	11	9	11	9	1	1	8	0	0	2	1	1	3	0	0	1	0	2	0	0	0	0	1	0	0	0	2	0	0	3	0	0	1	0	2	0	0	0	0	1	0	0
btf_type_tag_percpu	tp_btf/cgroup_mkdir:test_percpu_load	8	8	8	8	1	1	0	0	0	1	0	0	3	1	2	0	0	0	0	0	0	0	1	0	0	0	1	0	0	3	1	2	0	0	0	0	0	0	0	1	0	0
btf_type_tag_user	fentry/__sys_getsockname:test_sys_getsockname	7	7	7	7	1	1	0	0	0	1	0	0	2	1	2	0	0	0	0	0	0	0	1	0	0	0	1	0	0	2	1	2	0	0	0	0	0	0	0	1	0	0
btf_type_tag_user	fentry/bpf_testmod_test_btf_type_tag_user_1:test_user1	7	7	7	7	1	1	0	0	0	1	0	0	2	1	2	0	0	0	0	0	0	0	1	0	0	0	1	0	0	2	1	2	0	0	0	0	0	0	0	1	0	0
btf_type_tag_user	fentry/bpf_testmod_test_btf_type_tag_user_2:test_user2	8	8	8	8	1	1	0	0	0	1	0	0	3	1	2	0	0	0	0	0	0	0	1	0	0	0	1	0	0	3	1	2	0	0	0	0	0	0	0	1	0	0
cg_storage_multi_egress_only	cgroup_skb/egress:egress	12	12	12	12	1	1	0	0	1	3	0	0	0	0	4	0	0	1	0	0	2	0	1	0	0	1	3	0	0	0	0	4	0	0	1	0	0	2	0	1	0	0
cg_storage_multi_isolated	cgroup_skb/egress:egress1	12	12	12	12	1	1	0	0	1	3	0	0	0	0	4	0	0	1	0	0	2	0	1	0	0	1	3	0	0	0	0	4	0	0	1	0	0	2	0	1	0	0
cg_storage_multi_isolated	cgroup_skb/egress:egress2	12	12	12	12	1	1	0	0	1	3	0	0	0	0	4	0	0	1	0	0	2	0	1	0	0	1	3	0	0	0	0	4	0	0	1	0	0	2	0	1	0	0
cg_storage_multi_isolated	cgroup_skb/ingress:ingress	12	12	12	12	1	1	0	0	1	3	0	0	0	0	4	0	0	1	0	0	2	0	1	0	0	1	3	0	0	0	0	4	0	0	1	0	0	2	0	1	0	0
cg_storage_multi_shared	cgroup_skb/egress:egress1	12	12	12	12	1	1	0	0	1	3	0	0	0	0	4	0	0	1	0	0	2	0	1	0	0	1	3	0	0	0	0	4	0	0	1	0	0	2	0	1	0	0
cg_storage_multi_shared	cgroup_skb/egress:egress2	12	12	12	12	1	1	0	0	1	3	0	0	0	0	4	0	0	1	0	0	2	0	1	0	0	1	3	0	0	0	0	4	0	0	1	0	0	2	0	1	0	0
cg_storage_multi_shared	cgroup_skb/ingress:ingress	12	12	12	12	1	1	0	0	1	3	0	0	0	0	4	0	0	1	0	0	2	0	1	0	0	1	3	0	0	0	0	4	0	0	1	0	0	2	0	1	0	0
cgroup_getset_retval_getsockopt	cgroup/getsockopt:clear_retval	14	13	14	13	1	1	0	0	0	3	0	0	2	2	4	1	0	0	0	0	1	0	1	0	0	0	2	0	0	2	2	4	1	0	0	0	0	1	0	1	0	0
cgroup_getset_retval_getsockopt	cgroup/getsockopt:get_retval	22	21	22	21	1	1	0	0	1	3	0	0	3	3	8	1	0	1	0	0	1	0	1	0	0	1	2	0	0	3	3	8	1	0	1	0	0	1	0	1	0	0
cgroup_getset_retval_getsockopt	cgroup/getsockopt:set_eisconn	21	19	21	19	1	1	0	0	1	5	0	0	2	2	6	2	0	1	0	0	1	0	1	0	0	1	3	0	0	2	2	6	2	0	1	0	0	1	0	1	0	0
cgroup_getset_retval_hooks	?cgroup/bind4:bind4	5	5	5	5	1	1	0	0	0	2	0	0	0	0	0	0	0	2	0	0	0	0	1	0	0	0	2	0	0	0	0	0	0	0	2	0	0	0	0	1	0	0
cgroup_getset_retval_hooks	?cgroup/bind6:bind6	5	5	5	5	1	1	0	0	0	2	0	0	0	0	0	0	0	2	0	0	0	0	1	0	0	0	2	0	0	0	0	0	0	0	2	0	0	0	0	1	0	0
cgroup_getset_retval_hooks	?cgroup/connect4:connect4	5	5	5	5	1	1	0	0	0	2	0	0	0	0	0	0	0	2	0	0	0	0	1	0	0	0	2	0	0	0	0	0	0	0	2	0	0	0	0	1	0	0
cgroup_getset_retval_hooks	?cgroup/connect6:connect6	5	5	5	5	1	1	0	0	0	2	0	0	0	0	0	0	0	2	0	0	0	0	1	0	0	0	2	0	0	0	0	0	0	0	2	0	0	0	0	1	0	0
cgroup_getset_retval_hooks	?cgroup/dev:dev	5	5	5	5	1	1	0	0	0	2	0	0	0	0	0	0	0	2	0	0	0	0	1	0	0	0	2	0	0	0	0	0	0	0	2	0	0	0	0	1	0	0
cgroup_getset_retval_hooks	?cgroup/getpeername4:getpeername4	5	5	5	5	1	1	0	0	0	2	0	0	0	0	0	0	0	2	0	0	0	0	1	0	0	0	2	0	0	0	0	0	0	0	2	0	0	0	0	1	0	0
cgroup_getset_retval_hooks	?cgroup/getpeername6:getpeername6	5	5	5	5	1	1	0	0	0	2	0	0	0	0	0	0	0	2	0	0	0	0	1	0	0	0	2	0	0	0	0	0	0	0	2	0	0	0	0	1	0	0
cgroup_getset_retval_hooks	?cgroup/getsockname4:getsockname4	5	5	5	5	1	1	0	0	0	2	0	0	0	0	0	0	0	2	0	0	0	0	1	0	0	0	2	0	0	0	0	0	0	0	2	0	0	0	0	1	0	0
cgroup_getset_retval_hooks	?cgroup/getsockname6:getsockname6	5	5	5	5	1	1	0	0	0	2	0	0	0	0	0	0	0	2	0	0	0	0	1	0	0	0	2	0	0	0	0	0	0	0	2	0	0	0	0	1	0	0
cgroup_getset_retval_hooks	?cgroup/getsockopt:getsockopt	5	5	5	5	1	1	0	0	0	2	0	0	0	0	0	0	0	2	0	0	0	0	1	0	0	0	2	0	0	0	0	0	0	0	2	0	0	0	0	1	0	0
cgroup_getset_retval_hooks	?cgroup/post_bind4:post_bind4	5	5	5	5	1	1	0	0	0	2	0	0	0	0	0	0	0	2	0	0	0	0	1	0	0	0	2	0	0	0	0	0	0	0	2	0	0	0	0	1	0	0
cgroup_getset_retval_hooks	?cgroup/post_bind6:post_bind6	5	5	5	5	1	1	0	0	0	2	0	0	0	0	0	0	0	2	0	0	0	0	1	0	0	0	2	0	0	0	0	0	0	0	2	0	0	0	0	1	0	0
cgroup_getset_retval_hooks	?cgroup/recvmsg4:recvmsg4	5	5	5	5	1	1	0	0	0	2	0	0	0	0	0	0	0	2	0	0	0	0	1	0	0	0	2	0	0	0	0	0	0	0	2	0	0	0	0	1	0	0
cgroup_getset_retval_hooks	?cgroup/recvmsg6:recvmsg6	5	5	5	5	1	1	0	0	0	2	0	0	0	0	0	0	0	2	0	0	0	0	1	0	0	0	2	0	0	0	0	0	0	0	2	0	0	0	0	1	0	0
cgroup_getset_retval_hooks	?cgroup/sendmsg4:sendmsg4	5	5	5	5	1	1	0	0	0	2	0	0	0	0	0	0	0	2	0	0	0	0	1	0	0	0	2	0	0	0	0	0	0	0	2	0	0	0	0	1	0	0
cgroup_getset_retval_hooks	?cgroup/sendmsg6:sendmsg6	5	5	5	5	1	1	0	0	0	2	0	0	0	0	0	0	0	2	0	0	0	0	1	0	0	0	2	0	0	0	0	0	0	0	2	0	0	0	0	1	0	0
cgroup_getset_retval_hooks	?cgroup/setsockopt:setsockopt	5	5	5	5	1	1	0	0	0	2	0	0	0	0	0	0	0	2	0	0	0	0	1	0	0	0	2	0	0	0	0	0	0	0	2	0	0	0	0	1	0	0
cgroup_getset_retval_hooks	?cgroup/sock_create:sock_create	5	5	5	5	1	1	0	0	0	2	0	0	0	0	0	0	0	2	0	0	0	0	1	0	0	0	2	0	0	0	0	0	0	0	2	0	0	0	0	1	0	0
cgroup_getset_retval_hooks	?cgroup/sock_release:sock_release	5	5	5	5	1	1	0	0	0	2	0	0	0	0	0	0	0	2	0	0	0	0	1	0	0	0	2	0	0	0	0	0	0	0	2	0	0	0	0	1	0	0
cgroup_getset_retval_hooks	?cgroup/sysctl:sysctl	5	5	5	5	1	1	0	0	0	2	0	0	0	0	0	0	0	2	0	0	0	0	1	0	0	0	2	0	0	0	0	0	0	0	2	0	0	0	0	1	0	0
cgroup_getset_retval_hooks	?cgroup_skb/egress:egress	5	5	5	5	1	1	0	0	0	2	0	0	0	0	0	0	0	2	0	0	0	0	1	0	0	0	2	0	0	0	0	0	0	0	2	0	0	0	0	1	0	0
cgroup_getset_retval_hooks	?cgroup_skb/ingress:ingress	5	5	5	5	1	1	0	0	0	2	0	0	0	0	0	0	0	2	0	0	0	0	1	0	0	0	2	0	0	0	0	0	0	0	2	0	0	0	0	1	0	0
cgroup_getset_retval_hooks	?sockops:sock_ops	5	5	5	5	1	1	0	0	0	2	0	0	0	0	0	0	0	2	0	0	0	0	1	0	0	0	2	0	0	0	0	0	0	0	2	0	0	0	0	1	0	0
cgroup_getset_retval_setsockopt	cgroup/setsockopt:get_retval	18	17	18	17	1	1	0	0	1	3	0	0	2	2	6	1	0	1	0	0	1	0	1	0	0	1	2	0	0	2	2	6	1	0	1	0	0	1	0	1	0	0
cgroup_getset_retval_setsockopt	cgroup/setsockopt:legacy_eperm	13	12	13	12	1	1	0	0	0	3	0	0	2	1	4	1	0	0	0	0	1	0	1	0	0	0	2	0	0	2	1	4	1	0	0	0	0	1	0	1	0	0
cgroup_getset_retval_setsockopt	cgroup/setsockopt:set_eisconn	21	19	21	19	1	1	0	0	1	5	0	0	2	2	6	2	0	1	0	0	1	0	1	0	0	1	3	0	0	2	2	6	2	0	1	0	0	1	0	1	0	0
cgroup_getset_retval_setsockopt	cgroup/setsockopt:set_eunatch	21	19	21	19	1	1	0	0	1	5	0	0	2	2	6	2	0	1	0	0	1	0	1	0	0	1	3	0	0	2	2	6	2	0	1	0	0	1	0	1	0	0
cgroup_iter	iter/cgroup:cgroup_id_printer	50	48	50	48	1	1	16	8	9	10	0	1	11	0	10	4	1	3	0	0	0	0	1	0	0	7	11	0	1	8	0	10	4	3	3	0	0	0	0	1	0	0
cgroup_mprog	cgroup/getsockopt:getsockopt_1	2	2	2	2	1	1	0	0	0	1	0	0	0	0	0	0	0	0	0	0	0	0	1	0	0	0	1	0	0	0	0	0	0	0	0	0	0	0	0	1	0	0
cgroup_mprog	cgroup/getsockopt:getsockopt_2	2	2	2	2	1	1	0	0	0	1	0	0	0	0	0	0	0	0	0	0	0	0	1	0	0	0	1	0	0	0	0	0	0	0	0	0	0	0	0	1	0	0
cgroup_mprog	cgroup/getsockopt:getsockopt_3	2	2	2	2	1	1	0	0	0	1	0	0	0	0	0	0	0	0	0	0	0	0	1	0	0	0	1	0	0	0	0	0	0	0	0	0	0	0	0	1	0	0
cgroup_mprog	cgroup/getsockopt:getsockopt_4	2	2	2	2	1	1	0	0	0	1	0	0	0	0	0	0	0	0	0	0	0	0	1	0	0	0	1	0	0	0	0	0	0	0	0	0	0	0	0	1	0	0
cgroup_preorder	cgroup/getsockopt:child	13	13	13	13	1	1	0	0	1	3	0	0	1	2	4	1	0	0	0	0	0	0	1	0	0	1	3	0	0	1	2	4	1	0	0	0	0	0	0	1	0	0
cgroup_preorder	cgroup/getsockopt:child_2	13	13	13	13	1	1	0	0	1	3	0	0	1	2	4	1	0	0	0	0	0	0	1	0	0	1	3	0	0	1	2	4	1	0	0	0	0	0	0	1	0	0
cgroup_preorder	cgroup/getsockopt:parent	13	13	13	13	1	1	0	0	1	3	0	0	1	2	4	1	0	0	0	0	0	0	1	0	0	1	3	0	0	1	2	4	1	0	0	0	0	0	0	1	0	0
cgroup_preorder	cgroup/getsockopt:parent_2	13	13	13	13	1	1	0	0	1	3	0	0	1	2	4	1	0	0	0	0	0	0	1	0	0	1	3	0	0	1	2	4	1	0	0	0	0	0	0	1	0	0
cgroup_skb_direct_packet_access	cgroup_skb/ingress:direct_packet_access	6	6	6	6	1	1	0	0	0	1	0	0	1	1	2	0	0	0	0	0	0	0	1	0	0	0	1	0	0	1	1	2	0	0	0	0	0	0	0	1	0	0
cgroup_skb_sk_lookup_kern	cgroup_skb/ingress:ingress_lookup	86	102	86	102	1	1	104	104	23	16	12	11	2	0	2	11	0	8	0	0	0	0	1	0	0	23	24	12	19	2	0	2	11	0	8	0	0	0	0	1	0	0
cgroup_storage	cgroup/sock_create:trigger_oob	19	18	19	18	1	1	4	4	5	4	0	1	0	1	4	1	0	2	0	0	0	0	1	0	0	5	3	0	1	0	1	4	1	0	2	0	0	0	0	1	0	0
cgroup_storage	cgroup_skb/egress:bpf_prog	9	9	9	9	1	1	0	0	2	1	0	0	1	0	2	0	0	1	0	0	1	0	1	0	0	2	1	0	0	1	0	2	0	0	1	0	0	1	0	1	0	0
cgroup_tcp_skb	cgroup_skb/egress:client_egress	68	75	68	75	1	1	60	64	7	13	6	0	5	2	14	12	5	2	0	0	0	1	1	0	0	6	10	6	8	5	5	14	12	5	2	0	0	0	1	1	0	0
cgroup_tcp_skb	cgroup_skb/egress:client_egress_srv	73	76	73	76	1	1	60	64	7	13	6	0	5	2	14	14	8	2	0	0	0	1	1	0	0	6	10	6	8	5	5	14	13	5	2	0	0	0	1	1	0	0
cgroup_tcp_skb	cgroup_skb/egress:server_egress	73	76	73	76	1	1	60	64	7	13	6	0	5	2	14	14	8	2	0	0	0	1	1	0	0	6	10	6	8	5	5	14	13	5	2	0	0	0	1	1	0	0
cgroup_tcp_skb	cgroup_skb/egress:server_egress_srv	68	75	68	75	1	1	60	64	7	13	6	0	5	2	14	12	5	2	0	0	0	1	1	0	0	6	10	6	8	5	5	14	12	5	2	0	0	0	1	1	0	0
cgroup_tcp_skb	cgroup_skb/ingress:client_ingress	73	76	73	76	1	1	60	64	7	13	6	0	5	2	14	14	8	2	0	0	0	1	1	0	0	6	10	6	8	5	5	14	13	5	2	0	0	0	1	1	0	0
cgroup_tcp_skb	cgroup_skb/ingress:client_ingress_srv	68	75	68	75	1	1	60	64	7	13	6	0	5	2	14	12	5	2	0	0	0	1	1	0	0	6	10	6	8	5	5	14	12	5	2	0	0	0	1	1	0	0
cgroup_tcp_skb	cgroup_skb/ingress:server_ingress	80	86	80	86	1	1	60	64	7	15	7	0	5	2	16	15	9	2	0	0	0	1	1	0	0	6	11	7	8	5	6	16	15	8	2	0	0	0	1	1	0	0
cgroup_tcp_skb	cgroup_skb/ingress:server_ingress_srv	82	84	82	84	1	1	60	64	7	15	7	0	5	2	16	16	10	2	0	0	0	1	1	0	0	6	11	7	8	5	6	16	15	6	2	0	0	0	1	1	0	0
cgrp_ls_attach_cgroup	cgroup/connect6:set_cookie	25	25	25	25	1	1	0	0	7	1	0	0	4	2	2	5	0	3	0	0	0	0	1	0	0	6	1	0	0	4	2	2	5	1	3	0	0	0	0	1	0	0
cgrp_ls_attach_cgroup	fexit/inet_stream_connect:update_cookie_tracing	22	23	22	23	1	1	0	0	4	1	0	0	8	1	2	3	0	2	0	0	0	0	1	0	0	5	1	0	0	7	1	2	3	1	2	0	0	0	0	1	0	0
cgrp_ls_attach_cgroup	sockops:update_cookie_sockops	29	30	29	30	1	1	0	0	7	2	0	0	7	1	2	6	0	3	0	0	0	0	1	0	0	7	2	0	0	7	1	2	6	1	3	0	0	0	0	1	0	0
cgrp_ls_negative	tp_btf/sys_enter:on_enter	9	9	9	9	1	1	0	0	3	1	0	0	0	0	2	0	0	2	0	0	0	0	1	0	0	3	1	0	0	0	0	2	0	0	2	0	0	0	0	1	0	0
cgrp_ls_recursion	fentry/bpf_local_storage_update:on_update	59	44	59	22	1	2	0	0	19	1	0	0	8	4	12	6	1	5	2	0	0	0	1	0	0	13	1	0	0	6	2	8	4	1	3	4	0	0	0	2	0	0
cgrp_ls_recursion	tp_btf/sys_enter:on_enter	55	40	55	22	1	2	0	0	19	1	0	0	4	4	12	6	1	5	2	0	0	0	1	0	0	11	1	0	0	4	2	8	4	1	3	4	0	0	0	2	0	0
cgrp_ls_sleepable	?fentry.s/__x64_sys_getpgid:cgrp1_no_rcu_lock	29	33	29	19	1	2	0	0	6	1	0	0	5	1	8	3	0	2	2	0	0	0	1	0	0	8	1	0	0	5	1	8	3	0	2	3	0	0	0	2	0	0
cgrp_ls_sleepable	?fentry.s/__x64_sys_getpgid:no_rcu_lock	22	25	22	11	1	2	0	0	3	1	0	0	6	1	6	2	0	2	0	0	0	0	1	0	0	4	1	0	0	6	1	6	2	0	2	1	0	0	0	2	0	0
cgrp_ls_sleepable	?fentry.s/__x64_sys_getpgid:yes_rcu_lock	51	44	51	30	1	2	0	0	10	1	0	0	10	2	14	5	1	3	4	0	0	0	1	0	0	9	1	0	0	8	1	10	4	1	2	6	0	0	0	2	0	0
cgrp_ls_sleepable	?iter.s/cgroup:cgroup_iter	16	17	16	17	1	1	0	0	3	1	0	0	3	1	4	2	0	1	0	0	0	0	1	0	0	3	1	0	0	3	1	4	2	1	1	0	0	0	0	1	0	0
cgrp_ls_sleepable	fexit/bpf_local_storage_update:fexit_update	13	14	13	14	1	1	0	0	0	1	0	0	3	1	4	2	0	1	0	0	0	0	1	0	0	1	1	0	0	3	1	4	2	0	1	0	0	0	0	1	0	0
cgrp_ls_tp_btf	tp_btf/sys_enter:on_enter	90	62	90	27	1	2	0	0	23	5	0	0	8	2	26	11	1	9	2	0	2	0	1	0	0	15	3	0	0	7	1	16	7	1	5	4	0	1	0	2	0	0
cgrp_ls_tp_btf	tp_btf/sys_exit:on_exit	61	48	61	27	1	2	0	0	8	7	0	0	10	0	18	7	1	3	2	0	4	0	1	0	0	7	4	0	0	8	0	12	5	2	2	4	0	2	0	2	0	0
clone_attach_btf_id	fentry/bpf_fentry_test1:fentry_handler	2	2	2	2	1	1	0	0	0	1	0	0	0	0	0	0	0	0	0	0	0	0	1	0	0	0	1	0	0	0	0	0	0	0	0	0	0	0	0	1	0	0
connect4_dropper	cgroup/connect4:connect_v4_dropper	12	11	12	11	1	1	0	0	0	3	0	0	3	0	2	2	0	0	0	0	0	1	1	0	0	0	2	0	0	3	0	2	2	0	0	0	0	0	1	1	0	0
connect6_prog	cgroup/connect6:connect_v6_deny_prog	2	2	2	2	1	1	0	0	0	1	0	0	0	0	0	0	0	0	0	0	0	0	1	0	0	0	1	0	0	0	0	0	0	0	0	0	0	0	0	1	0	0
connect6_prog	cgroup/connect6:connect_v6_prog	80	74	80	74	1	1	68	64	18	14	4	14	6	3	4	9	2	5	0	0	0	0	1	0	0	16	8	4	16	6	3	4	9	2	5	0	0	0	0	1	0	0
connect_force_port4	cgroup/connect4:connect4	41	36	41	36	1	1	16	16	9	8	0	4	5	4	4	3	0	2	0	0	0	1	1	0	0	7	5	0	4	5	4	4	3	0	2	0	0	0	1	1	0	0
connect_force_port4	cgroup/getpeername4:getpeername4	36	38	36	38	1	1	0	4	8	7	0	0	5	2	4	4	1	3	0	0	0	1	1	0	0	8	7	0	1	5	2	4	4	2	3	0	0	0	1	1	0	0
connect_force_port4	cgroup/getsockname4:getsockname4	29	29	29	29	1	1	0	4	6	9	0	0	2	2	2	3	1	2	0	0	0	1	1	0	0	6	7	0	1	2	2	2	3	2	2	0	0	0	1	1	0	0
connect_force_port6	cgroup/connect6:connect6	52	47	52	47	1	1	28	28	8	8	0	7	8	8	6	3	0	2	0	0	0	1	1	0	0	5	6	0	7	8	8	6	3	0	2	0	0	0	1	1	0	0
connect_force_port6	cgroup/getpeername6:getpeername6	42	44	42	44	1	1	0	4	8	7	0	0	8	5	4	4	1	3	0	0	0	1	1	0	0	8	7	0	1	8	5	4	4	2	3	0	0	0	1	1	0	0
connect_force_port6	cgroup/getsockname6:getsockname6	32	32	32	32	1	1	0	4	7	8	0	0	2	3	4	3	1	2	0	0	0	1	1	0	0	6	7	0	1	2	3	4	3	2	2	0	0	0	1	1	0	0
connect_ping	cgroup/connect4:connect_v4_prog	24	23	24	23	1	1	16	16	3	4	0	2	1	1	8	2	0	1	0	0	1	0	1	0	0	2	3	0	4	1	1	6	2	1	1	0	0	1	0	1	0	0
connect_ping	cgroup/connect6:connect_v6_prog	29	56	29	56	1	1	32	28	3	5	0	4	1	1	10	2	0	1	0	0	1	0	1	0	0	2	3	0	19	17	1	8	2	1	1	0	0	1	0	1	0	0
csum_diff_test	tc:compute_checksum	66	57	66	57	1	1	8	32	3	16	1	1	10	2	28	1	0	3	0	0	0	0	1	0	0	3	17	4	4	3	1	20	1	0	3	0	0	0	0	1	0	0
decap_sanity	tc:decap_sanity	68	78	68	78	1	1	0	44	15	18	0	0	11	3	6	10	0	3	1	0	0	0	1	0	0	21	19	4	2	6	3	6	10	0	5	1	0	0	0	1	0	0
dev_cgroup	cgroup/dev:bpf_prog1	15	15	15	15	1	1	0	0	0	7	0	0	3	0	0	4	0	0	0	0	0	0	1	0	0	0	7	0	0	3	0	0	4	0	0	0	0	0	0	1	0	0
dummy_st_ops_success	struct_ops.s/test_sleepable:test_sleepable	2	2	2	2	1	1	0	0	0	1	0	0	0	0	0	0	0	0	0	0	0	0	1	0	0	0	1	0	0	0	0	0	0	0	0	0	0	0	0	1	0	0
dummy_st_ops_success	struct_ops/test_1:test_1	8	7	8	7	1	1	0	0	1	1	0	0	2	1	0	1	0	0	0	0	0	0	2	0	0	1	1	0	0	2	1	0	1	0	0	0	0	0	0	1	0	0
dummy_st_ops_success	struct_ops/test_2:test_2	22	18	22	18	1	1	0	0	7	1	0	0	6	5	2	0	0	0	0	0	0	0	1	0	0	3	1	0	0	6	5	2	0	0	0	0	0	0	0	1	0	0
empty_skb	lwt_xmit:redirect_egress	10	10	10	10	1	1	0	0	1	1	0	0	1	1	4	0	0	1	0	0	0	0	1	0	0	1	1	0	0	1	1	4	0	0	1	0	0	0	0	1	0	0
empty_skb	lwt_xmit:redirect_ingress	10	10	10	10	1	1	0	0	1	1	0	0	1	1	4	0	0	1	0	0	0	0	1	0	0	1	1	0	0	1	1	4	0	0	1	0	0	0	0	1	0	0
empty_skb	tc:tc_adjust_room	9	9	9	9	1	1	0	0	1	3	0	0	0	1	2	0	0	1	0	0	0	0	1	0	0	1	3	0	0	0	1	2	0	0	1	0	0	0	0	1	0	0
empty_skb	tc:tc_redirect_egress	10	10	10	10	1	1	0	0	1	1	0	0	1	1	4	0	0	1	0	0	0	0	1	0	0	1	1	0	0	1	1	4	0	0	1	0	0	0	0	1	0	0
empty_skb	tc:tc_redirect_ingress	10	10	10	10	1	1	0	0	1	1	0	0	1	1	4	0	0	1	0	0	0	0	1	0	0	1	1	0	0	1	1	4	0	0	1	0	0	0	0	1	0	0
exceptions_ext	?fentry:pfentry	2	2	2	2	1	1	0	0	0	1	0	0	0	0	0	0	0	0	0	0	0	0	1	0	0	0	1	0	0	0	0	0	0	0	0	0	0	0	0	1	0	0
exceptions_ext	?fentry:throwing_fentry	4	4	4	4	1	1	0	0	1	1	0	0	0	0	0	0	0	0	1	0	0	0	1	0	0	1	1	0	0	0	0	0	0	0	0	1	0	0	0	1	0	0
exceptions_ext	?fexit:pfexit	2	2	2	2	1	1	0	0	0	1	0	0	0	0	0	0	0	0	0	0	0	0	1	0	0	0	1	0	0	0	0	0	0	0	0	0	0	0	0	1	0	0
exceptions_ext	?fexit:throwing_fexit	4	4	4	4	1	1	0	0	1	1	0	0	0	0	0	0	0	0	1	0	0	0	1	0	0	1	1	0	0	0	0	0	0	0	0	1	0	0	0	1	0	0
exceptions_ext	?fmod_ret:pfmod_ret	2	2	2	2	1	1	0	0	0	1	0	0	0	0	0	0	0	0	0	0	0	0	1	0	0	0	1	0	0	0	0	0	0	0	0	0	0	0	0	1	0	0
exceptions_ext	?fmod_ret:throwing_fmod_ret	4	4	4	4	1	1	0	0	1	1	0	0	0	0	0	0	0	0	1	0	0	0	1	0	0	1	1	0	0	0	0	0	0	0	0	1	0	0	0	1	0	0
exceptions_ext	?freplace:extension	2	2	2	2	1	1	0	0	0	1	0	0	0	0	0	0	0	0	0	0	0	0	1	0	0	0	1	0	0	0	0	0	0	0	0	0	0	0	0	1	0	0
exceptions_ext	?freplace:throwing_exception_cb_extension	4	2	4	2	1	1	0	0	1	1	0	0	0	0	0	0	0	0	1	0	0	0	1	0	0	0	1	0	0	0	0	0	0	0	0	0	0	0	0	1	0	0
exceptions_ext	?freplace:throwing_extension	4	2	4	2	1	1	0	0	1	1	0	0	0	0	0	0	0	0	1	0	0	0	1	0	0	0	1	0	0	0	0	0	0	0	0	0	0	0	0	1	0	0
exhandler_kern	tp_btf/task_newtask:trace_task_newtask	18	21	18	21	1	1	0	0	1	2	0	0	5	1	4	3	0	1	0	0	0	0	1	0	0	4	2	0	0	5	1	4	3	0	1	0	0	0	0	1	0	0
fentry_many_args	fentry/bpf_testmod_fentry_test11:test2	38	38	38	38	1	1	0	0	9	3	0	0	11	1	2	11	0	0	0	0	0	0	1	0	0	9	3	0	0	11	1	2	11	0	0	0	0	0	0	1	0	0
fentry_many_args	fentry/bpf_testmod_fentry_test11:test3	59	30	59	30	1	1	0	0	0	33	0	0	11	1	2	11	0	0	0	0	0	0	1	0	0	1	3	0	0	11	1	2	11	0	0	0	0	0	0	1	0	0
fentry_many_args	fentry/bpf_testmod_fentry_test7:test1	28	26	28	26	1	1	0	0	7	3	0	0	7	1	2	7	0	0	0	0	0	0	1	0	0	5	3	0	0	7	1	2	7	0	0	0	0	0	0	1	0	0
fentry_recursive	fentry/XXX:recursive_attach	2	2	2	2	1	1	0	0	0	1	0	0	0	0	0	0	0	0	0	0	0	0	1	0	0	0	1	0	0	0	0	0	0	0	0	0	0	0	0	1	0	0
fentry_test	fentry/bpf_fentry_test1:test1	9	9	9	9	1	1	0	0	0	3	0	0	1	1	2	1	0	0	0	0	0	0	1	0	0	0	3	0	0	1	1	2	1	0	0	0	0	0	0	1	0	0
fentry_test	fentry/bpf_fentry_test2:test2	14	12	14	12	1	1	0	0	0	6	0	0	2	1	2	2	0	0	0	0	0	0	1	0	0	1	3	0	0	2	1	2	2	0	0	0	0	0	0	1	0	0
fentry_test	fentry/bpf_fentry_test3:test3	20	17	20	17	1	1	0	0	1	9	0	0	3	1	2	3	0	0	0	0	0	0	1	0	0	4	3	0	0	3	1	2	3	0	0	0	0	0	0	1	0	0
fentry_test	fentry/bpf_fentry_test4:test4	17	19	17	19	1	1	0	0	2	3	0	0	4	1	2	4	0	0	0	0	0	0	1	0	0	4	3	0	0	4	1	2	4	0	0	0	0	0	0	1	0	0
fentry_test	fentry/bpf_fentry_test5:test5	19	21	19	21	1	1	0	0	2	3	0	0	5	1	2	5	0	0	0	0	0	0	1	0	0	4	3	0	0	5	1	2	5	0	0	0	0	0	0	1	0	0
fentry_test	fentry/bpf_fentry_test6:test6	23	23	23	23	1	1	0	0	4	3	0	0	6	1	2	6	0	0	0	0	0	0	1	0	0	4	3	0	0	6	1	2	6	0	0	0	0	0	0	1	0	0
fentry_test	fentry/bpf_fentry_test7:test7	8	7	8	7	1	1	0	0	1	1	0	0	1	1	2	1	0	0	0	0	0	0	1	0	0	0	1	0	0	1	1	2	1	0	0	0	0	0	0	1	0	0
fentry_test	fentry/bpf_fentry_test8:test8	9	8	9	8	1	1	0	0	1	1	0	0	2	1	2	1	0	0	0	0	0	0	1	0	0	0	1	0	0	2	1	2	1	0	0	0	0	0	0	1	0	0
fexit_bpf2bpf_simple	fexit/test_pkt_md_access:test_main2	11	10	11	10	1	1	0	0	1	1	0	0	3	1	2	2	0	0	0	0	0	0	1	0	0	0	1	0	0	3	1	2	2	0	0	0	0	0	0	1	0	0
fexit_many_args	fexit/bpf_testmod_fentry_test11:test2	42	40	42	40	1	1	0	0	11	3	0	0	12	1	2	12	0	0	0	0	0	0	1	0	0	9	3	0	0	12	1	2	12	0	0	0	0	0	0	1	0	0
fexit_many_args	fexit/bpf_testmod_fentry_test11:test3	64	32	64	32	1	1	0	0	0	36	0	0	12	1	2	12	0	0	0	0	0	0	1	0	0	1	3	0	0	12	1	2	12	0	0	0	0	0	0	1	0	0
fexit_many_args	fexit/bpf_testmod_fentry_test7:test1	32	30	32	30	1	1	0	0	9	3	0	0	8	1	2	8	0	0	0	0	0	0	1	0	0	7	3	0	0	8	1	2	8	0	0	0	0	0	0	1	0	0
fexit_test	fexit/bpf_fentry_test1:test1	14	12	14	12	1	1	0	0	0	6	0	0	2	1	2	2	0	0	0	0	0	0	1	0	0	1	3	0	0	2	1	2	2	0	0	0	0	0	0	1	0	0
fexit_test	fexit/bpf_fentry_test2:test2	19	14	19	14	1	1	0	0	0	9	0	0	3	1	2	3	0	0	0	0	0	0	1	0	0	1	3	0	0	3	1	2	3	0	0	0	0	0	0	1	0	0
fexit_test	fexit/bpf_fentry_test3:test3	25	19	25	19	1	1	0	0	1	12	0	0	4	1	2	4	0	0	0	0	0	0	1	0	0	4	3	0	0	4	1	2	4	0	0	0	0	0	0	1	0	0
fexit_test	fexit/bpf_fentry_test4:test4	23	21	23	21	1	1	0	0	6	3	0	0	5	1	2	5	0	0	0	0	0	0	1	0	0	4	3	0	0	5	1	2	5	0	0	0	0	0	0	1	0	0
fexit_test	fexit/bpf_fentry_test5:test5	25	23	25	23	1	1	0	0	6	3	0	0	6	1	2	6	0	0	0	0	0	0	1	0	0	4	3	0	0	6	1	2	6	0	0	0	0	0	0	1	0	0
fexit_test	fexit/bpf_fentry_test6:test6	27	25	27	25	1	1	0	0	6	3	0	0	7	1	2	7	0	0	0	0	0	0	1	0	0	4	3	0	0	7	1	2	7	0	0	0	0	0	0	1	0	0
fexit_test	fexit/bpf_fentry_test7:test7	8	7	8	7	1	1	0	0	1	1	0	0	1	1	2	1	0	0	0	0	0	0	1	0	0	0	1	0	0	1	1	2	1	0	0	0	0	0	0	1	0	0
fexit_test	fexit/bpf_fentry_test8:test8	9	8	9	8	1	1	0	0	1	1	0	0	2	1	2	1	0	0	0	0	0	0	1	0	0	0	1	0	0	2	1	2	1	0	0	0	0	0	0	1	0	0
fib_lookup	tc:fib_lookup	12	12	12	12	1	1	0	0	0	2	0	0	1	1	6	0	0	1	0	0	0	0	1	0	0	0	2	0	0	1	1	6	0	0	1	0	0	0	0	1	0	0
fmod_ret_freplace	fmod_ret/security_new_get_constant:fmod_ret_test	6	5	6	5	1	1	0	0	1	1	0	0	0	1	2	0	0	0	0	0	0	0	1	0	0	0	1	0	0	0	1	2	0	0	0	0	0	0	0	1	0	0
for_each_array_map_elem	tc:test_pkt_access	35	34	35	34	1	1	4	4	8	2	1	1	1	1	16	1	0	3	0	0	0	0	1	0	0	8	1	1	1	1	1	16	1	0	3	0	0	0	0	1	0	0
for_each_hash_map_elem	tc:test_pkt_access	30	29	30	29	1	1	16	16	6	1	1	2	0	3	14	0	0	2	0	0	0	0	1	0	0	5	1	1	2	0	3	14	0	0	2	0	0	0	0	1	0	0
for_each_map_elem_write_key	raw_tp/sys_enter:test_map_key_write	9	9	9	9	1	1	0	0	2	1	0	0	0	0	4	0	0	1	0	0	0	0	1	0	0	2	1	0	0	0	0	4	0	0	1	0	0	0	0	1	0	0
for_each_multi_maps	tc:test_pkt_access	22	26	22	26	1	1	4	4	3	2	1	1	1	1	10	1	0	1	0	0	0	0	1	0	0	5	1	1	1	1	1	12	1	1	1	0	0	0	0	1	0	0
freplace_attach_probe	freplace/handle_kprobe:new_handle_kprobe	18	16	18	16	1	1	4	4	5	4	0	1	0	1	2	1	0	3	0	0	0	0	1	0	0	5	2	0	1	0	1	2	1	0	3	0	0	0	0	1	0	0
freplace_connect4	freplace/do_bind:new_do_bind	9	8	9	8	1	1	16	16	3	2	0	2	0	0	0	0	0	1	0	0	0	0	1	0	0	2	2	0	2	0	0	0	0	0	1	0	0	0	0	1	0	0
freplace_connect_v4_prog	freplace/connect_v4_prog:new_connect_v4_prog	2	2	2	2	1	1	0	0	0	1	0	0	0	0	0	0	0	0	0	0	0	0	1	0	0	0	1	0	0	0	0	0	0	0	0	0	0	0	0	1	0	0
freplace_dead_global_func	freplace:freplace_prog	2	2	2	2	1	1	0	0	0	1	0	0	0	0	0	0	0	0	0	0	0	0	1	0	0	0	1	0	0	0	0	0	0	0	0	0	0	0	0	1	0	0
freplace_get_constant	freplace/get_constant:security_new_get_constant	8	7	8	7	1	1	0	0	1	1	0	0	1	1	2	1	0	0	0	0	0	0	1	0	0	0	2	0	0	0	1	2	1	0	0	0	0	0	0	1	0	0
freplace_global_func	freplace/test_pkt_access:new_test_pkt_access	6	5	2	2	2	2	4	4	0	1	1	1	0	0	0	0	0	0	1	0	0	0	2	0	0	0	0	1	1	0	0	0	0	0	0	1	0	0	0	2	0	0
freplace_int_with_void	freplace/global_func2:test_freplace_int_with_void	1	1	1	1	1	1	0	0	0	0	0	0	0	0	0	0	0	0	0	0	0	0	1	0	0	0	0	0	0	0	0	0	0	0	0	0	0	0	0	1	0	0
freplace_progmap	freplace:xdp_cpumap_prog	6	6	6	6	1	1	0	0	2	0	0	0	0	0	2	0	0	1	0	0	0	0	1	0	0	2	0	0	0	0	0	2	0	0	1	0	0	0	0	1	0	0
freplace_progmap	xdp/cpumap:xdp_drop_prog	2	2	2	2	1	1	0	0	0	1	0	0	0	0	0	0	0	0	0	0	0	0	1	0	0	0	1	0	0	0	0	0	0	0	0	0	0	0	0	1	0	0
freplace_unreliable_prog	freplace/btf_unreliable_kprobe:replace_btf_unreliable_kprobe	2	2	2	2	1	1	0	0	0	1	0	0	0	0	0	0	0	0	0	0	0	0	1	0	0	0	1	0	0	0	0	0	0	0	0	0	0	0	0	1	0	0
freplace_void	freplace/foo:test_freplace_void	1	1	1	1	1	1	0	0	0	0	0	0	0	0	0	0	0	0	0	0	0	0	1	0	0	0	0	0	0	0	0	0	0	0	0	0	0	0	0	1	0	0
fsession_test	fentry/bpf_fentry_test1:test11	9	9	9	9	1	1	0	0	0	3	0	0	1	1	2	1	0	0	0	0	0	0	1	0	0	0	3	0	0	1	1	2	1	0	0	0	0	0	0	1	0	0
fsession_test	fexit/bpf_fentry_test1:test10	14	12	14	12	1	1	0	0	0	6	0	0	2	1	2	2	0	0	0	0	0	0	1	0	0	1	3	0	0	2	1	2	2	0	0	0	0	0	0	1	0	0
fsession_test	fsession/bpf_fentry_test1:test1	22	21	22	21	1	1	0	0	0	9	0	0	2	1	4	4	0	0	1	0	0	0	1	0	0	0	8	0	0	2	1	4	4	0	0	1	0	0	0	1	0	0
fsession_test	fsession/bpf_fentry_test1:test6	18	17	18	17	1	1	0	0	2	4	0	0	0	1	6	2	0	1	1	0	0	0	1	0	0	2	3	0	0	0	1	6	2	0	1	1	0	0	0	1	0	0
fsession_test	fsession/bpf_fentry_test1:test7	23	22	23	22	1	1	0	0	3	4	0	0	1	2	8	2	0	0	2	0	0	0	1	0	0	3	3	0	0	1	2	8	2	0	0	2	0	0	0	1	0	0
fsession_test	fsession/bpf_fentry_test1:test8	23	22	23	22	1	1	0	0	3	4	0	0	1	2	8	2	0	0	2	0	0	0	1	0	0	3	3	0	0	1	2	8	2	0	0	2	0	0	0	1	0	0
fsession_test	fsession/bpf_fentry_test1:test9	36	35	36	35	1	1	0	0	7	9	0	0	3	3	4	6	1	0	2	0	0	0	1	0	0	6	8	0	0	3	3	4	6	2	0	2	0	0	0	1	0	0
fsession_test	fsession/bpf_fentry_test3:test2	35	34	35	34	1	1	8	8	1	15	1	1	4	1	4	6	0	0	1	0	0	0	1	0	0	1	14	1	1	4	1	4	6	0	0	1	0	0	0	1	0	0
fsession_test	fsession/bpf_fentry_test4:test3	37	41	37	41	1	1	8	16	2	8	2	1	5	1	4	11	1	0	1	0	0	0	1	0	0	1	17	2	2	5	1	4	7	0	0	1	0	0	0	1	0	0
fsession_test	fsession/bpf_fentry_test5:test4	47	48	47	48	1	1	8	24	2	15	2	1	6	1	4	13	1	0	1	0	0	0	1	0	0	1	20	3	3	6	1	4	8	0	0	1	0	0	0	1	0	0
fsession_test	fsession/bpf_fentry_test7:test5	22	22	22	22	1	1	0	0	3	4	0	0	2	2	4	4	1	0	1	0	0	0	1	0	0	2	3	0	0	2	2	4	4	3	0	1	0	0	0	1	0	0
get_cgroup_id_kern	tracepoint/syscalls/sys_enter_nanosleep:trace	13	13	13	13	1	1	0	0	2	1	0	0	1	1	4	1	0	2	0	0	0	0	1	0	0	2	1	0	0	1	1	4	1	0	2	0	0	0	0	1	0	0
get_func_args_fsession_test	fsession/bpf_fentry_test1:test1	61	49	61	49	1	1	24	24	18	16	2	3	3	4	2	7	0	4	1	0	0	0	1	0	0	19	9	2	3	0	1	2	7	0	4	1	0	0	0	1	0	0
get_func_args_test	fentry/bpf_fentry_test1:test1	49	48	49	48	1	1	24	24	16	10	1	3	3	4	2	5	0	4	0	0	0	0	1	0	0	15	10	1	3	3	4	2	5	0	4	0	0	0	0	1	0	0
get_func_args_test	fexit/bpf_fentry_test2:test2	72	71	72	71	1	1	32	32	19	21	3	4	4	5	2	8	0	5	0	0	0	0	1	0	0	18	21	3	4	4	5	2	8	0	5	0	0	0	0	1	0	0
get_func_args_test	fexit/bpf_modify_return_test:fexit_test	73	70	73	70	1	1	32	32	19	21	3	4	5	5	2	8	0	5	0	0	0	0	1	0	0	19	18	3	4	5	5	2	8	0	5	0	0	0	0	1	0	0
get_func_args_test	fmod_ret/bpf_modify_return_test:fmod_ret_test	70	67	70	67	1	1	32	32	20	18	3	4	5	5	2	7	0	5	0	0	0	0	1	0	0	20	15	3	4	5	5	2	7	0	5	0	0	0	0	1	0	0
get_func_args_test	tp_btf/bpf_testmod_fentry_test1_tp:tp_test1	39	38	39	38	1	1	16	16	11	10	1	2	2	3	2	4	0	3	0	0	0	0	1	0	0	10	10	1	2	2	3	2	4	0	3	0	0	0	0	1	0	0
get_func_args_test	tp_btf/bpf_testmod_fentry_test2_tp:tp_test2	56	55	56	55	1	1	24	24	15	16	2	3	3	4	2	6	0	4	0	0	0	0	1	0	0	14	16	2	3	3	4	2	6	0	4	0	0	0	0	1	0	0
get_func_ip_fsession_test	fsession/bpf_fentry_test1:test1	18	17	18	17	1	1	0	0	2	4	0	0	0	1	6	2	0	1	1	0	0	0	1	0	0	2	3	0	0	0	1	6	2	0	1	1	0	0	0	1	0	0
get_func_ip_uprobe_test	uprobe//proc/self/exe:uprobe_trigger_body+1:test1	13	13	13	13	1	1	0	0	1	3	0	0	1	1	4	1	0	1	0	0	0	0	1	0	0	1	3	0	0	1	1	4	1	0	1	0	0	0	0	1	0	0
get_smp_processor_id	raw_tp:call_bpf_get_smp_processor_id	6	7	6	7	1	1	0	0	1	0	0	0	0	1	2	0	0	1	0	0	0	0	1	0	0	0	2	0	0	0	1	2	0	0	1	0	0	0	0	1	0	0
getpeername4_prog	cgroup/getpeername4:getpeername_v4_prog	6	4	6	4	1	1	0	0	0	3	0	0	0	2	0	0	0	0	0	0	0	0	1	0	0	0	1	0	0	0	2	0	0	0	0	0	0	0	0	1	0	0
getpeername6_prog	cgroup/getpeername6:getpeername_v6_prog	12	9	12	9	1	1	0	0	0	6	0	0	0	5	0	0	0	0	0	0	0	0	1	0	0	0	1	0	0	0	3	4	0	0	0	0	0	0	0	1	0	0
getsockname6_prog	cgroup/getsockname6:getsockname_v6_prog	12	9	12	9	1	1	0	0	0	6	0	0	0	5	0	0	0	0	0	0	0	0	1	0	0	0	1	0	0	0	3	4	0	0	0	0	0	0	0	1	0	0
htab_update	?fentry/bpf_obj_cancel_fields:bpf_obj_cancel_fields	28	23	28	23	1	1	32	28	10	2	0	4	1	1	6	1	0	2	0	0	0	0	1	0	0	6	1	0	4	1	1	6	1	0	2	0	0	0	0	1	0	0
ima	lsm.s/bprm_committed_creds:bprm_committed_creds	43	43	43	5	1	2	8	8	12	2	2	1	5	1	8	5	1	5	0	0	0	0	1	0	0	11	3	2	1	5	1	6	5	1	5	1	0	0	0	2	0	0
ima	lsm.s/bprm_creds_for_exec:bprm_creds_for_exec	48	49	48	3	1	3	8	8	12	3	2	1	6	1	10	6	1	5	0	0	0	0	1	0	0	11	3	2	1	6	1	8	6	1	5	2	0	0	0	3	0	0
ima	lsm.s/kernel_read_file:kernel_read_file	62	81	62	2	1	4	8	8	13	6	2	1	9	1	12	10	1	6	0	0	0	0	1	0	0	15	15	2	1	9	1	12	11	2	6	3	0	0	0	4	0	0
kfunc_call_destructive	tc:kfunc_destructive_test	3	3	3	3	1	1	0	0	0	1	0	0	0	0	0	0	0	0	1	0	0	0	1	0	0	0	1	0	0	0	0	0	0	0	0	1	0	0	0	1	0	0
kfunc_call_race	tc:kfunc_call_fail	4	4	4	4	1	1	0	0	0	2	0	0	0	0	0	0	0	0	1	0	0	0	1	0	0	0	2	0	0	0	0	0	0	0	0	1	0	0	0	1	0	0
kfunc_module_order	classifier:call_kfunc_xy	13	13	13	13	1	1	0	0	0	8	0	0	0	0	0	2	0	0	2	0	0	0	1	0	0	0	8	0	0	0	0	0	2	0	0	2	0	0	0	1	0	0
kfunc_module_order	classifier:call_kfunc_yx	13	13	13	13	1	1	0	0	0	8	0	0	0	0	0	2	0	0	2	0	0	0	1	0	0	0	8	0	0	0	0	0	2	0	0	2	0	0	0	1	0	0
kprobe_multi	fentry/bpf_modify_return_test:trigger	2	2	2	2	1	1	0	0	0	1	0	0	0	0	0	0	0	0	0	0	0	0	1	0	0	0	1	0	0	0	0	0	0	0	0	0	0	0	0	1	0	0
kprobe_multi	kprobe.multi:test_kprobe_manual	203	202	4	4	2	2	0	0	9	3	0	0	18	1	100	51	15	3	1	0	0	0	2	0	0	6	3	0	0	18	15	100	51	3	3	1	0	0	0	2	0	0
kprobe_multi	kprobe.multi:test_kprobe_testmod	30	54	30	4	1	2	0	0	6	1	0	0	1	1	14	4	0	2	0	0	0	0	1	0	0	3	3	0	0	1	5	26	8	3	2	1	0	0	0	2	0	0
kprobe_multi	kprobe.multi/bpf_fentry_tes??:test_kprobe	203	202	4	4	2	2	0	0	9	3	0	0	18	1	100	51	15	3	1	0	0	0	2	0	0	6	3	0	0	18	15	100	51	3	3	1	0	0	0	2	0	0
kprobe_multi	kretprobe.multi:test_kretprobe_manual	203	202	4	4	2	2	0	0	9	3	0	0	18	1	100	51	15	3	1	0	0	0	2	0	0	6	3	0	0	18	15	100	51	3	3	1	0	0	0	2	0	0
kprobe_multi	kretprobe.multi:test_kretprobe_testmod	30	54	30	4	1	2	0	0	6	1	0	0	1	1	14	4	0	2	0	0	0	0	1	0	0	3	3	0	0	1	5	26	8	3	2	1	0	0	0	2	0	0
kprobe_multi	kretprobe.multi/bpf_fentry_test*:test_kretprobe	203	202	4	4	2	2	0	0	9	3	0	0	18	1	100	51	15	3	1	0	0	0	2	0	0	6	3	0	0	18	15	100	51	3	3	1	0	0	0	2	0	0
kprobe_multi_empty	kprobe.multi/:test_kprobe_empty	2	2	2	2	1	1	0	0	0	1	0	0	0	0	0	0	0	0	0	0	0	0	1	0	0	0	1	0	0	0	0	0	0	0	0	0	0	0	0	1	0	0
kprobe_multi_override	kprobe:test_kprobe_override	14	14	14	3	1	2	0	0	6	1	0	0	1	0	2	1	0	2	0	0	0	0	1	0	0	4	1	0	0	1	0	2	1	0	2	1	0	0	0	2	0	0
kprobe_multi_override	kprobe.multi:test_override	14	14	14	3	1	2	0	0	6	1	0	0	1	0	2	1	0	2	0	0	0	0	1	0	0	4	1	0	0	1	0	2	1	0	2	1	0	0	0	2	0	0
kprobe_multi_session	fentry/bpf_modify_return_test:trigger	2	2	2	2	1	1	0	0	0	1	0	0	0	0	0	0	0	0	0	0	0	0	1	0	0	0	1	0	0	0	0	0	0	0	0	0	0	0	0	1	0	0
kprobe_multi_session	kprobe.session/bpf_fentry_test*:test_kprobe	76	65	76	65	1	1	0	0	16	13	0	0	2	1	28	13	0	2	0	0	0	0	1	0	0	14	3	0	0	2	1	28	13	1	2	0	0	0	0	1	0	0
kprobe_multi_session	kprobe.session/bpf_fentry_test1:test_kprobe_syms	76	65	76	65	1	1	0	0	16	13	0	0	2	1	28	13	0	2	0	0	0	0	1	0	0	14	3	0	0	2	1	28	13	1	2	0	0	0	0	1	0	0
kprobe_multi_session_cookie	fentry/bpf_modify_return_test:trigger	2	2	2	2	1	1	0	0	0	1	0	0	0	0	0	0	0	0	0	0	0	0	1	0	0	0	1	0	0	0	0	0	0	0	0	0	0	0	0	1	0	0
kprobe_multi_session_cookie	kprobe.session/bpf_fentry_test1:test_kprobe_1	31	30	31	5	1	2	0	0	9	6	0	0	2	2	4	3	1	1	2	0	0	0	1	0	0	10	2	0	0	2	2	4	3	1	1	3	0	0	0	2	0	0
kprobe_multi_session_cookie	kprobe.session/bpf_fentry_test1:test_kprobe_2	30	30	30	5	1	2	0	0	11	3	0	0	2	2	4	3	1	1	2	0	0	0	1	0	0	10	2	0	0	2	2	4	3	1	1	3	0	0	0	2	0	0
kprobe_multi_session_cookie	kprobe.session/bpf_fentry_test1:test_kprobe_3	30	30	30	5	1	2	0	0	11	3	0	0	2	2	4	3	1	1	2	0	0	0	1	0	0	10	2	0	0	2	2	4	3	1	1	3	0	0	0	2	0	0
kprobe_write_ctx	?fentry/bpf_fentry_test1:fentry	2	2	2	2	1	1	0	0	0	1	0	0	0	0	0	0	0	0	0	0	0	0	1	0	0	0	1	0	0	0	0	0	0	0	0	0	0	0	0	1	0	0
kprobe_write_ctx	?freplace:freplace_kprobe	4	3	4	3	1	1	0	0	1	1	0	0	0	1	0	0	0	0	0	0	0	0	1	0	0	0	1	0	0	0	1	0	0	0	0	0	0	0	0	1	0	0
kprobe_write_ctx	?kprobe:kprobe_dummy	2	2	2	2	1	1	0	0	0	1	0	0	0	0	0	0	0	0	0	0	0	0	1	0	0	0	1	0	0	0	0	0	0	0	0	0	0	0	0	1	0	0
kprobe_write_ctx	kprobe:kprobe_write_ctx	4	3	4	3	1	1	0	0	1	1	0	0	0	1	0	0	0	0	0	0	0	0	1	0	0	0	1	0	0	0	1	0	0	0	0	0	0	0	0	1	0	0
kprobe_write_ctx	kprobe.multi:kprobe_multi_write_ctx	4	3	4	3	1	1	0	0	1	1	0	0	0	1	0	0	0	0	0	0	0	0	1	0	0	0	1	0	0	0	1	0	0	0	0	0	0	0	0	1	0	0
livepatch_trampoline	fentry/cmdline_proc_show:fentry_cmdline	14	11	14	11	1	1	0	0	3	2	0	0	1	1	4	1	0	1	0	0	0	0	1	0	0	1	1	0	0	1	1	4	1	0	1	0	0	0	0	1	0	0
livepatch_trampoline	fexit/cmdline_proc_show:fexit_cmdline	14	11	14	11	1	1	0	0	3	2	0	0	1	1	4	1	0	1	0	0	0	0	1	0	0	1	1	0	0	1	1	4	1	0	1	0	0	0	0	1	0	0
load_bytes_relative	cgroup_skb/egress:load_bytes_relative	40	43	40	43	1	1	44	48	15	12	0	3	0	0	2	3	0	4	0	0	0	0	1	0	0	14	10	0	9	0	0	2	3	0	4	0	0	0	0	1	0	0
loop2	raw_tracepoint/consume_skb:while_true	12	12	12	12	1	1	0	0	1	5	0	0	1	0	0	2	2	0	0	0	0	0	1	0	0	1	5	0	0	1	0	0	2	2	0	0	0	0	0	1	0	0
loop4	socket:combinations	14	139	14	139	1	1	0	128	0	8	0	0	1	0	0	2	2	0	0	0	0	0	1	0	0	0	57	20	21	20	0	0	20	0	0	0	0	0	0	1	0	0
loop5	socket:while_true	18	16	18	16	1	1	0	0	0	9	0	0	1	0	0	5	2	0	0	0	0	0	1	0	0	0	9	0	0	1	0	0	4	1	0	0	0	0	0	1	0	0
lru_lock_nmi	perf_event:oncpu	28	27	28	27	1	1	16	12	8	4	0	2	0	0	6	1	1	4	0	0	1	0	1	0	0	7	4	0	2	0	0	6	1	1	4	0	0	1	0	1	0	0
lsm	fentry.s/__x64_sys_setdomainname:test_sys_setdomainname	23	39	23	4	1	2	4	24	2	5	1	1	4	1	2	5	0	1	0	0	0	0	1	0	0	11	6	3	3	2	1	2	5	0	3	1	0	0	0	2	0	0
lsm	lsm.s/bprm_committed_creds:test_void_hook	103	107	103	4	1	2	68	72	35	5	0	1	8	9	20	11	0	13	0	0	0	0	1	0	0	28	4	0	9	8	9	20	11	2	13	1	0	0	0	2	0	0
lsm	lsm/file_mprotect:test_int_hook	26	31	26	4	1	2	0	0	2	3	0	0	9	1	4	5	0	1	0	0	0	0	1	0	0	5	4	0	0	8	1	4	5	0	1	1	0	0	0	2	0	0
lsm	lsm/task_free:test_task_free	2	2	2	2	1	1	0	0	0	1	0	0	0	0	0	0	0	0	0	0	0	0	1	0	0	0	1	0	0	0	0	0	0	0	0	0	0	0	0	1	0	0
lsm_bdev	lsm.s/bdev_alloc_security:bdev_alloc_security	11	12	11	12	1	1	0	1	3	3	0	0	0	0	2	0	0	1	0	0	1	0	1	0	0	3	3	0	1	0	0	2	0	0	1	0	0	1	0	1	0	0
lsm_bdev	lsm.s/bdev_setintegrity:bdev_setintegrity	45	45	45	45	1	1	12	13	13	6	0	2	4	2	6	5	1	4	0	0	1	0	1	0	0	12	5	0	3	4	2	6	5	2	4	0	0	1	0	1	0	0
lsm_bdev	lsm/bdev_free_security:bdev_free_security	9	10	9	10	1	1	4	4	2	0	0	1	2	0	2	0	0	1	0	0	0	0	1	0	0	2	1	0	1	2	0	2	0	0	1	0	0	0	0	1	0	0
lsm_cgroup_nonvoid	lsm_cgroup/inet_csk_clone:nonvoid_socket_clone	2	2	2	2	1	1	0	0	0	1	0	0	0	0	0	0	0	0	0	0	0	0	1	0	0	0	1	0	0	0	0	0	0	0	0	0	0	0	0	1	0	0
lsm_tailcall	lsm/file_permission:lsm_file_permission_prog	2	2	2	2	1	1	0	0	0	1	0	0	0	0	0	0	0	0	0	0	0	0	1	0	0	0	1	0	0	0	0	0	0	0	0	0	0	0	0	1	0	0
lsm_tailcall	lsm/kernfs_init_security:lsm_kernfs_init_security_entry	9	6	9	6	1	1	0	0	4	1	0	0	0	0	2	0	0	1	0	0	0	0	1	0	0	0	2	0	0	0	0	2	0	0	1	0	0	0	0	1	0	0
lsm_tailcall	lsm/kernfs_init_security:lsm_kernfs_init_security_prog	2	2	2	2	1	1	0	0	0	1	0	0	0	0	0	0	0	0	0	0	0	0	1	0	0	0	1	0	0	0	0	0	0	0	0	0	0	0	0	1	0	0
lwt_misc	lwt_xmit:test_missing_dst	20	27	20	27	1	1	24	20	3	8	0	3	2	2	0	0	0	1	0	0	0	0	1	0	0	2	3	0	20	0	0	0	0	0	1	0	0	0	0	1	0	0
map_excl	?fentry.s/__x64_sys_getpgid:should_have_access	14	12	14	12	1	1	8	8	5	3	0	2	0	0	2	0	0	1	0	0	0	0	1	0	0	5	1	0	2	0	0	2	0	0	1	0	0	0	0	1	0	0
map_excl	?fentry.s/__x64_sys_getpgid:should_not_have_access	14	12	14	12	1	1	8	8	5	3	0	2	0	0	2	0	0	1	0	0	0	0	1	0	0	5	1	0	2	0	0	2	0	0	1	0	0	0	0	1	0	0
missed_kprobe	fentry/bpf_modify_return_test:trigger	2	2	2	2	1	1	0	0	0	1	0	0	0	0	0	0	0	0	0	0	0	0	1	0	0	0	1	0	0	0	0	0	0	0	0	0	0	0	0	1	0	0
missed_kprobe	kprobe/bpf_fentry_test1:test1	3	3	3	3	1	1	0	0	0	1	0	0	0	0	0	0	0	0	1	0	0	0	1	0	0	0	1	0	0	0	0	0	0	0	0	1	0	0	0	1	0	0
missed_kprobe	kprobe/bpf_kfunc_common_test:test2	2	2	2	2	1	1	0	0	0	1	0	0	0	0	0	0	0	0	0	0	0	0	1	0	0	0	1	0	0	0	0	0	0	0	0	0	0	0	0	1	0	0
missed_kprobe_recursion	fentry/bpf_modify_return_test:trigger	2	2	2	2	1	1	0	0	0	1	0	0	0	0	0	0	0	0	0	0	0	0	1	0	0	0	1	0	0	0	0	0	0	0	0	0	0	0	0	1	0	0
missed_kprobe_recursion	kprobe.multi/bpf_fentry_test1:test1	3	3	3	3	1	1	0	0	0	1	0	0	0	0	0	0	0	0	1	0	0	0	1	0	0	0	1	0	0	0	0	0	0	0	0	1	0	0	0	1	0	0
missed_kprobe_recursion	kprobe.multi/bpf_kfunc_common_test:test5	2	2	2	2	1	1	0	0	0	1	0	0	0	0	0	0	0	0	0	0	0	0	1	0	0	0	1	0	0	0	0	0	0	0	0	0	0	0	0	1	0	0
missed_kprobe_recursion	kprobe.session/bpf_kfunc_common_test:test6	2	2	2	2	1	1	0	0	0	1	0	0	0	0	0	0	0	0	0	0	0	0	1	0	0	0	1	0	0	0	0	0	0	0	0	0	0	0	0	1	0	0
missed_kprobe_recursion	kprobe/bpf_kfunc_common_test:test2	2	2	2	2	1	1	0	0	0	1	0	0	0	0	0	0	0	0	0	0	0	0	1	0	0	0	1	0	0	0	0	0	0	0	0	0	0	0	0	1	0	0
missed_kprobe_recursion	kprobe/bpf_kfunc_common_test:test3	2	2	2	2	1	1	0	0	0	1	0	0	0	0	0	0	0	0	0	0	0	0	1	0	0	0	1	0	0	0	0	0	0	0	0	0	0	0	0	1	0	0
missed_kprobe_recursion	kprobe/bpf_kfunc_common_test:test4	2	2	2	2	1	1	0	0	0	1	0	0	0	0	0	0	0	0	0	0	0	0	1	0	0	0	1	0	0	0	0	0	0	0	0	0	0	0	0	1	0	0
missed_tp_recursion	fentry/bpf_modify_return_test:trigger	2	2	2	2	1	1	0	0	0	1	0	0	0	0	0	0	0	0	0	0	0	0	1	0	0	0	1	0	0	0	0	0	0	0	0	0	0	0	0	1	0	0
missed_tp_recursion	kprobe/bpf_fentry_test1:test1	6	9	6	9	1	1	0	0	0	2	0	0	0	0	2	0	0	1	0	0	0	0	1	0	0	3	2	0	0	0	0	2	0	0	1	0	0	0	0	1	0	0
missed_tp_recursion	tp/bpf_trace/bpf_trace_printk:test2	2	2	2	2	1	1	0	0	0	1	0	0	0	0	0	0	0	0	0	0	0	0	1	0	0	0	1	0	0	0	0	0	0	0	0	0	0	0	0	1	0	0
missed_tp_recursion	tp/bpf_trace/bpf_trace_printk:test3	2	2	2	2	1	1	0	0	0	1	0	0	0	0	0	0	0	0	0	0	0	0	1	0	0	0	1	0	0	0	0	0	0	0	0	0	0	0	0	1	0	0
missed_tp_recursion	tp/bpf_trace/bpf_trace_printk:test4	2	2	2	2	1	1	0	0	0	1	0	0	0	0	0	0	0	0	0	0	0	0	1	0	0	0	1	0	0	0	0	0	0	0	0	0	0	0	0	1	0	0
mmap_inner_array	fentry/__x64_sys_nanosleep:add_to_list_in_inner_array	40	37	40	37	1	1	8	8	5	4	0	2	3	4	14	4	0	3	0	0	0	0	1	0	0	5	1	0	2	3	4	14	4	0	3	0	0	0	0	1	0	0
modify_return	fentry/bpf_modify_return_test:fentry_test	20	20	20	20	1	1	0	0	1	5	0	0	2	2	6	2	0	1	0	0	0	0	1	0	0	1	5	0	0	2	2	6	2	0	1	0	0	0	0	1	0	0
modify_return	fentry/bpf_modify_return_test2:fentry_test2	20	20	20	20	1	1	0	0	1	5	0	0	2	2	6	2	0	1	0	0	0	0	1	0	0	1	5	0	0	2	2	6	2	0	1	0	0	0	0	1	0	0
modify_return	fexit/bpf_modify_return_test:fexit_test	30	30	30	30	1	1	0	0	1	9	0	0	4	2	8	4	0	1	0	0	0	0	1	0	0	1	9	0	0	4	2	8	4	0	1	0	0	0	0	1	0	0
modify_return	fexit/bpf_modify_return_test2:fexit_test2	30	30	30	30	1	1	0	0	1	9	0	0	4	2	8	4	0	1	0	0	0	0	1	0	0	1	9	0	0	4	2	8	4	0	1	0	0	0	0	1	0	0
modify_return	fmod_ret/bpf_modify_return_test:fmod_ret_test	27	27	27	27	1	1	0	0	1	7	0	0	4	2	8	3	0	1	0	0	0	0	1	0	0	1	7	0	0	4	2	8	3	0	1	0	0	0	0	1	0	0
modify_return	fmod_ret/bpf_modify_return_test2:fmod_ret_test2	27	27	27	27	1	1	0	0	1	7	0	0	4	2	8	3	0	1	0	0	0	0	1	0	0	1	7	0	0	4	2	8	3	0	1	0	0	0	0	1	0	0
mptcpify	fmod_ret/update_socket_protocol:mptcpify	29	23	29	23	1	1	0	0	5	9	0	0	4	0	2	7	0	1	0	0	0	0	1	0	0	2	7	0	0	4	0	2	5	1	1	0	0	0	0	1	0	0
nested_trust_success	tp_btf/task_newtask:test_nested_offset	6	6	6	6	1	1	0	0	2	1	0	0	1	0	0	0	0	0	1	0	0	0	1	0	0	2	1	0	0	1	0	0	0	0	0	1	0	0	0	1	0	0
nested_trust_success	tp_btf/task_newtask:test_read_cpumask	6	6	6	6	1	1	0	0	0	2	0	0	2	0	0	0	0	0	1	0	0	0	1	0	0	0	2	0	0	2	0	0	0	0	0	1	0	0	0	1	0	0
nested_trust_success	tp_btf/tcp_probe:test_skb_field	9	9	9	9	1	1	0	0	2	1	0	0	2	0	2	0	0	1	0	0	0	0	1	0	0	2	1	0	0	2	0	2	0	0	1	0	0	0	0	1	0	0
netcnt_prog	cgroup/skb:bpf_nextcnt	48	47	48	47	1	1	0	0	14	2	0	0	10	7	6	3	0	3	0	0	2	0	1	0	0	13	2	0	0	10	7	6	3	0	3	0	0	2	0	1	0	0
prepare	cgroup_skb/egress:program	6	5	6	5	1	1	0	0	0	2	0	0	0	1	2	0	0	0	0	0	0	0	1	0	0	0	1	0	0	0	1	2	0	0	0	0	0	0	0	1	0	0
priv_freplace_prog	freplace/xdp_prog1:new_xdp_prog2	2	2	2	2	1	1	0	0	0	1	0	0	0	0	0	0	0	0	0	0	0	0	1	0	0	0	1	0	0	0	0	0	0	0	0	0	0	0	0	1	0	0
priv_prog	xdp:xdp_prog1	2	2	2	2	1	1	0	0	0	1	0	0	0	0	0	0	0	0	0	0	0	0	1	0	0	0	1	0	0	0	0	0	0	0	0	0	0	0	0	1	0	0
raw_tp_null	tp_btf/bpf_testmod_test_raw_tp_null_tp:test_raw_tp_null	16	17	16	17	1	1	0	0	2	1	0	0	4	1	4	2	0	1	0	0	0	0	1	0	0	1	3	0	0	4	1	4	2	0	1	0	0	0	0	1	0	0
rcu_read_lock	?fentry.s/__x64_sys_getpgid:get_cgroup_id	19	34	19	24	1	6	0	0	1	1	0	0	6	1	4	2	0	1	2	0	0	0	1	0	0	6	1	0	0	6	1	4	2	0	1	7	0	0	0	6	0	0
rcu_read_lock	?fentry.s/__x64_sys_getpgid:inproper_sleepable_helper	30	34	30	32	1	2	4	4	9	3	1	1	2	1	4	2	0	4	2	0	0	0	1	0	0	12	2	1	1	1	1	4	2	1	4	3	0	0	0	2	0	0
rcu_read_lock	?fentry.s/__x64_sys_getpgid:miss_lock	13	13	13	13	1	1	0	0	4	1	0	0	0	0	2	0	0	2	3	0	0	0	1	0	0	4	1	0	0	0	0	2	0	0	2	3	0	0	0	1	0	0
rcu_read_lock	?fentry.s/__x64_sys_getpgid:miss_unlock	11	11	11	11	1	1	0	0	4	1	0	0	0	0	2	0	0	2	1	0	0	0	1	0	0	4	1	0	0	0	0	2	0	0	2	1	0	0	0	1	0	0
rcu_read_lock	?fentry.s/__x64_sys_getpgid:rcu_read_lock_global_subprog	32	21	15	11	3	3	4	0	2	9	4	4	0	0	0	2	1	3	4	0	0	0	3	0	0	2	7	0	0	0	0	0	2	0	3	4	0	0	0	3	0	0
rcu_read_lock	?fentry.s/__x64_sys_getpgid:rcu_read_lock_global_subprog_lock	30	18	12	7	3	3	4	0	2	9	4	4	0	0	0	1	1	2	4	0	0	0	3	0	0	2	6	0	0	0	0	0	1	0	2	4	0	0	0	3	0	0
rcu_read_lock	?fentry.s/__x64_sys_getpgid:rcu_read_lock_global_subprog_unlock	30	17	12	6	3	3	4	0	2	9	4	4	0	0	0	1	1	2	4	0	0	0	3	0	0	2	5	0	0	0	0	0	1	0	2	4	0	0	0	3	0	0
rcu_read_lock	?fentry.s/__x64_sys_getpgid:rcu_read_lock_sleepable_global_subprog_indirect	51	37	12	7	5	5	4	4	7	15	6	5	0	0	0	3	1	2	7	0	0	0	5	0	0	7	10	2	1	0	0	0	3	0	2	7	0	0	0	5	0	0
rcu_read_lock	?fentry.s/__x64_sys_getpgid:rcu_read_lock_sleepable_helper_global_subprog	21	18	11	8	2	2	4	4	3	5	3	3	0	0	0	1	0	1	3	0	0	0	2	0	0	3	6	1	1	0	0	0	1	0	1	3	0	0	0	2	0	0
rcu_read_lock	?fentry.s/__x64_sys_getpgid:rcu_read_lock_sleepable_kfunc_global_subprog	44	32	11	8	4	4	4	4	7	11	6	5	0	0	0	2	1	2	6	0	0	0	4	0	0	6	9	2	1	0	0	0	2	0	2	6	0	0	0	4	0	0
rcu_read_lock	?fentry.s/__x64_sys_getpgid:rcu_read_lock_subprog	24	16	12	10	2	2	4	0	0	8	2	3	0	0	0	2	1	3	3	0	0	0	2	0	0	0	6	0	0	0	0	0	2	0	3	3	0	0	0	2	0	0
rcu_read_lock	?fentry.s/__x64_sys_getpgid:rcu_read_lock_subprog_lock	22	13	9	6	2	2	4	0	0	8	2	3	0	0	0	1	1	2	3	0	0	0	2	0	0	0	5	0	0	0	0	0	1	0	2	3	0	0	0	2	0	0
rcu_read_lock	?fentry.s/__x64_sys_getpgid:rcu_read_lock_subprog_unlock	22	12	9	5	2	2	4	0	0	8	2	3	0	0	0	1	1	2	3	0	0	0	2	0	0	0	4	0	0	0	0	0	1	0	2	3	0	0	0	2	0	0
rcu_read_lock	?fentry.s/__x64_sys_getpgid:task_succ	34	43	34	39	1	3	8	8	9	1	0	1	4	1	8	4	0	3	2	0	0	0	1	0	0	11	1	0	1	4	1	8	4	3	3	4	0	0	0	3	0	0
rcu_read_lock	?fentry.s/__x64_sys_getpgid:task_trusted_non_rcuptr	13	20	13	16	1	3	0	0	3	1	0	0	2	0	2	0	0	2	2	0	0	0	1	0	0	6	1	0	0	2	0	2	0	0	2	4	0	0	0	3	0	0
rcu_read_lock	?fentry.s/__x64_sys_getpgid:task_untrusted_rcuptr	13	17	13	15	1	2	0	0	4	1	0	0	1	0	2	0	0	2	2	0	0	0	1	0	0	6	1	0	0	1	0	2	0	0	2	3	0	0	0	2	0	0
rcu_read_lock	?fentry.s/__x64_sys_nanosleep:cross_rcu_region	15	19	15	17	1	2	0	0	4	1	0	0	1	0	2	0	0	2	4	0	0	0	1	0	0	6	1	0	0	1	0	2	0	0	2	5	0	0	0	2	0	0
rcu_read_lock	?fentry.s/__x64_sys_nanosleep:nested_rcu_region	15	19	15	17	1	2	0	0	3	1	0	0	1	0	2	1	0	2	4	0	0	0	1	0	0	5	1	0	0	1	0	2	1	0	2	5	0	0	0	2	0	0
rcu_read_lock	?fentry.s/__x64_sys_nanosleep:nested_rcu_region_unbalanced_1	16	20	16	18	1	2	0	0	3	1	0	0	1	0	2	1	0	2	5	0	0	0	1	0	0	5	1	0	0	1	0	2	1	0	2	6	0	0	0	2	0	0
rcu_read_lock	?fentry.s/__x64_sys_nanosleep:nested_rcu_region_unbalanced_2	16	20	16	18	1	2	0	0	3	1	0	0	1	0	2	1	0	2	5	0	0	0	1	0	0	5	1	0	0	1	0	2	1	0	2	6	0	0	0	2	0	0
rcu_read_lock	?fentry.s/__x64_sys_nanosleep:no_lock	9	13	9	11	1	2	0	0	2	1	0	0	1	0	2	0	0	2	0	0	0	0	1	0	0	4	1	0	0	1	0	2	0	0	2	1	0	0	0	2	0	0
rcu_read_lock	?fentry.s/__x64_sys_nanosleep:task_acquire	21	27	21	25	1	2	0	0	6	1	0	0	2	0	2	3	0	2	4	0	0	0	1	0	0	9	1	0	0	1	0	2	3	1	2	6	0	0	0	2	0	0
rcu_read_lock	?fentry.s/__x64_sys_nanosleep:two_regions	15	19	15	17	1	2	0	0	3	1	0	0	1	0	2	1	0	2	4	0	0	0	1	0	0	5	1	0	0	1	0	2	1	0	2	5	0	0	0	2	0	0
rcu_read_lock	?fentry/__x64_sys_getpgid:non_sleepable_1	13	17	13	15	1	2	0	0	3	1	0	0	1	0	2	1	0	2	2	0	0	0	1	0	0	5	1	0	0	1	0	2	1	0	2	3	0	0	0	2	0	0
rcu_read_lock	?fentry/__x64_sys_getpgid:non_sleepable_2	15	19	15	17	1	2	0	0	3	1	0	0	1	0	2	1	0	2	4	0	0	0	1	0	0	5	1	0	0	1	0	2	1	0	2	5	0	0	0	2	0	0
rcu_read_lock	?fentry/__x64_sys_getpgid:non_sleepable_rcu_mismatch	13	17	13	15	1	2	0	0	3	1	0	0	1	0	2	1	0	2	2	0	0	0	1	0	0	5	1	0	0	1	0	2	1	0	2	3	0	0	0	2	0	0
rcu_read_lock	?lsm.s/bpf:inproper_sleepable_kfunc	16	16	16	16	1	1	0	0	2	2	0	0	2	0	4	1	0	0	4	0	0	0	1	0	0	2	2	0	0	2	0	4	1	0	0	4	0	0	0	1	0	0
rcu_tasks_trace_gp	syscall:call_rcu_tasks_trace	4	4	4	4	1	1	0	0	0	0	0	0	0	0	2	0	0	0	1	0	0	0	1	0	0	0	0	0	0	0	0	2	0	0	0	1	0	0	0	1	0	0
recvmsg6_prog	cgroup/recvmsg6:recvmsg6_prog	34	35	34	35	1	1	0	4	6	9	0	0	3	3	4	5	1	2	0	0	0	0	1	0	0	6	8	0	1	3	3	4	5	2	2	0	0	0	0	1	0	0
sendmsg4_prog	cgroup/sendmsg4:sendmsg_v4_deny_prog	2	2	2	2	1	1	0	0	0	1	0	0	0	0	0	0	0	0	0	0	0	0	1	0	0	0	1	0	0	0	0	0	0	0	0	0	0	0	0	1	0	0
sendmsg4_prog	cgroup/sendmsg4:sendmsg_v4_prog	38	37	38	37	1	1	0	4	7	13	0	0	4	3	0	7	1	2	0	0	0	0	1	0	0	7	10	0	1	4	3	0	7	2	2	0	0	0	0	1	0	0
sendmsg6_prog	cgroup/sendmsg6:sendmsg_v6_deny_prog	2	2	2	2	1	1	0	0	0	1	0	0	0	0	0	0	0	0	0	0	0	0	1	0	0	0	1	0	0	0	0	0	0	0	0	0	0	0	0	1	0	0
sendmsg6_prog	cgroup/sendmsg6:sendmsg_v6_preserve_dst_prog	2	2	2	2	1	1	0	0	0	1	0	0	0	0	0	0	0	0	0	0	0	0	1	0	0	0	1	0	0	0	0	0	0	0	0	0	0	0	0	1	0	0
sendmsg6_prog	cgroup/sendmsg6:sendmsg_v6_prog	42	40	42	40	1	1	0	4	8	12	0	0	3	7	2	5	2	2	0	0	0	0	1	0	0	7	10	0	1	3	7	2	5	2	2	0	0	0	0	1	0	0
sendmsg6_prog	cgroup/sendmsg6:sendmsg_v6_v4mapped_prog	15	11	15	11	1	1	0	0	1	4	0	0	0	7	2	0	0	0	0	0	0	0	1	0	0	0	1	0	0	0	7	2	0	0	0	0	0	0	0	1	0	0
sendmsg6_prog	cgroup/sendmsg6:sendmsg_v6_wildcard_prog	13	9	13	9	1	1	0	0	1	4	0	0	0	7	0	0	0	0	0	0	0	0	1	0	0	0	1	0	0	0	7	0	0	0	0	0	0	0	0	1	0	0
set_global_vars	socket:test_set_globals	82	80	82	80	1	1	1	1	2	2	1	20	20	0	36	0	0	0	0	0	0	0	1	0	0	2	0	1	20	20	0	36	0	0	0	0	0	0	0	1	0	0
sk_storage_omem_uncharge	fentry/inet6_sock_destruct:inet6_sock_destruct	26	27	26	27	1	1	0	0	3	2	0	0	5	2	8	4	0	1	0	0	0	0	1	0	0	3	2	0	0	5	2	8	4	1	1	0	0	0	0	1	0	0
sk_storage_omem_uncharge	fexit/bpf_sk_storage_free:bpf_sk_storage_free	21	21	21	21	1	1	0	0	0	2	0	0	6	2	8	2	0	0	0	0	0	0	1	0	0	0	2	0	0	6	2	8	2	0	0	0	0	0	0	1	0	0
skb_load_bytes	tc:skb_process	12	14	12	14	1	1	0	16	2	2	0	0	1	1	4	0	0	1	0	0	0	0	1	0	0	2	2	0	2	1	1	4	0	0	1	0	0	0	0	1	0	0
skb_pkt_end	tc:main_prog	21	20	21	20	1	1	1	1	5	5	0	1	5	0	0	3	0	1	0	0	0	0	1	0	0	5	4	0	1	5	0	0	3	0	1	0	0	0	0	1	0	0
sock_destroy_prog	cgroup/connect6:sock_connect	31	29	31	29	1	1	16	16	10	2	0	3	4	0	4	4	1	2	0	0	0	0	1	0	0	10	1	0	3	3	0	4	4	1	2	0	0	0	0	1	0	0
sock_destroy_prog	iter/tcp:iter_tcp6_client	21	21	21	21	1	1	4	4	5	2	0	1	3	0	2	4	0	2	1	0	0	0	1	0	0	5	1	0	1	3	0	2	4	1	2	1	0	0	0	1	0	0
sock_destroy_prog	iter/tcp:iter_tcp6_server	20	17	20	17	1	1	0	0	6	1	0	0	4	0	2	4	0	1	1	0	0	0	1	0	0	2	1	0	0	4	0	2	4	1	1	1	0	0	0	1	0	0
sock_destroy_prog	iter/udp:iter_udp6_client	19	19	19	19	1	1	4	4	5	2	0	1	2	0	2	3	0	2	1	0	0	0	1	0	0	5	1	0	1	2	0	2	3	1	2	1	0	0	0	1	0	0
sock_destroy_prog	iter/udp:iter_udp6_server	13	11	13	11	1	1	0	0	3	1	0	0	3	0	2	2	0	0	1	0	0	0	1	0	0	0	1	0	0	3	0	2	2	1	0	1	0	0	0	1	0	0
sock_ops_get_sk	sockops:sock_ops_get_field_same_reg	15	11	15	11	1	1	0	0	3	0	0	0	2	2	4	2	1	0	0	0	0	0	1	0	0	0	1	0	0	2	1	4	2	0	0	0	0	0	0	1	0	0
sock_ops_get_sk	sockops:sock_ops_get_sk_diff_reg	16	11	16	11	1	1	0	0	4	0	0	0	2	2	4	2	1	0	0	0	0	0	1	0	0	0	1	0	0	2	1	4	2	0	0	0	0	0	0	1	0	0
sock_ops_get_sk	sockops:sock_ops_get_sk_same_reg	15	11	15	11	1	1	0	0	3	0	0	0	2	2	4	2	1	0	0	0	0	0	1	0	0	0	1	0	0	2	1	4	2	0	0	0	0	0	0	1	0	0
socket_cookie_prog	cgroup/connect6:set_cookie	20	19	20	19	1	1	0	0	5	2	0	0	3	2	2	3	0	2	0	0	0	0	1	0	0	5	1	0	0	3	2	2	3	0	2	0	0	0	0	1	0	0
socket_cookie_prog	fexit/inet_stream_connect:update_cookie_tracing	21	23	21	23	1	1	0	0	3	2	0	0	7	1	2	3	0	2	0	0	0	0	1	0	0	5	2	0	0	6	1	2	3	1	2	0	0	0	0	1	0	0
socket_cookie_prog	sockops:update_cookie_sockops	25	26	25	26	1	1	0	0	5	3	0	0	6	1	2	5	0	2	0	0	0	0	1	0	0	5	3	0	0	6	1	2	5	1	2	0	0	0	0	1	0	0
sockopt_inherit	cgroup/getsockopt:_getsockopt	44	43	44	43	1	1	0	0	9	6	0	0	8	4	8	6	1	1	0	0	0	0	1	0	0	9	4	0	0	8	4	8	6	2	1	0	0	0	0	1	0	0
sockopt_inherit	cgroup/setsockopt:_setsockopt	43	42	43	42	1	1	0	0	9	6	0	0	8	3	8	6	1	1	0	0	0	0	1	0	0	9	4	0	0	8	3	8	6	2	1	0	0	0	0	1	0	0
sockopt_multi	cgroup/getsockopt:_getsockopt_child	28	25	28	25	1	1	0	0	2	6	0	0	7	4	2	5	1	0	0	0	0	0	1	0	0	2	3	0	0	7	4	2	5	1	0	0	0	0	0	1	0	0
sockopt_multi	cgroup/getsockopt:_getsockopt_parent	28	25	28	25	1	1	0	0	2	6	0	0	7	4	2	5	1	0	0	0	0	0	1	0	0	2	3	0	0	7	4	2	5	1	0	0	0	0	0	1	0	0
sockopt_multi	cgroup/setsockopt:_setsockopt	25	24	25	24	1	1	0	0	2	5	0	0	7	3	2	4	1	0	0	0	0	0	1	0	0	2	4	0	0	7	3	2	4	1	0	0	0	0	0	1	0	0
sockopt_qos_to_cc	cgroup/setsockopt:sockopt_qos_to_cc	54	50	54	50	1	1	0	16	11	14	0	0	9	1	6	8	1	3	0	0	0	0	1	0	0	7	11	0	2	9	1	6	8	2	3	0	0	0	0	1	0	0
sockopt_sk	cgroup/getsockopt:_getsockopt	81	122	81	122	1	1	0	0	14	10	0	0	15	7	6	21	4	3	0	0	0	0	1	0	0	20	16	0	0	30	7	14	25	6	3	0	0	0	0	1	0	0
sockopt_sk	cgroup/setsockopt:_setsockopt	111	125	111	125	1	1	0	64	20	21	0	0	16	11	8	23	6	5	0	0	0	0	1	0	0	16	11	0	8	24	17	12	24	7	5	0	0	0	0	1	0	0
stack_arg	tc:test_async_cb_many_args	2	2	2	2	1	1	0	0	0	1	0	0	0	0	0	0	0	0	0	0	0	0	1	0	0	0	1	0	0	0	0	0	0	0	0	0	0	0	0	1	0	0
stack_arg	tc:test_bpf2bpf_dynptr_stack_arg	2	2	2	2	1	1	0	0	0	1	0	0	0	0	0	0	0	0	0	0	0	0	1	0	0	0	1	0	0	0	0	0	0	0	0	0	0	0	0	1	0	0
stack_arg	tc:test_bpf2bpf_mix_stack_args	2	2	2	2	1	1	0	0	0	1	0	0	0	0	0	0	0	0	0	0	0	0	1	0	0	0	1	0	0	0	0	0	0	0	0	0	0	0	0	1	0	0
stack_arg	tc:test_bpf2bpf_nesting_stack_arg	2	2	2	2	1	1	0	0	0	1	0	0	0	0	0	0	0	0	0	0	0	0	1	0	0	0	1	0	0	0	0	0	0	0	0	0	0	0	0	1	0	0
stack_arg	tc:test_bpf2bpf_ptr_stack_arg	2	2	2	2	1	1	0	0	0	1	0	0	0	0	0	0	0	0	0	0	0	0	1	0	0	0	1	0	0	0	0	0	0	0	0	0	0	0	0	1	0	0
stack_arg	tc:test_global_many_args	2	2	2	2	1	1	0	0	0	1	0	0	0	0	0	0	0	0	0	0	0	0	1	0	0	0	1	0	0	0	0	0	0	0	0	0	0	0	0	1	0	0
stack_arg	tc:test_two_callees	2	2	2	2	1	1	0	0	0	1	0	0	0	0	0	0	0	0	0	0	0	0	1	0	0	0	1	0	0	0	0	0	0	0	0	0	0	0	0	1	0	0
stack_arg_kfunc	tc:test_stack_arg_const_str	2	2	2	2	1	1	0	0	0	1	0	0	0	0	0	0	0	0	0	0	0	0	1	0	0	0	1	0	0	0	0	0	0	0	0	0	0	0	0	1	0	0
stack_arg_kfunc	tc:test_stack_arg_dynptr	2	2	2	2	1	1	0	0	0	1	0	0	0	0	0	0	0	0	0	0	0	0	1	0	0	0	1	0	0	0	0	0	0	0	0	0	0	0	0	1	0	0
stack_arg_kfunc	tc:test_stack_arg_iter	2	2	2	2	1	1	0	0	0	1	0	0	0	0	0	0	0	0	0	0	0	0	1	0	0	0	1	0	0	0	0	0	0	0	0	0	0	0	0	1	0	0
stack_arg_kfunc	tc:test_stack_arg_mem	2	2	2	2	1	1	0	0	0	1	0	0	0	0	0	0	0	0	0	0	0	0	1	0	0	0	1	0	0	0	0	0	0	0	0	0	0	0	0	1	0	0
stack_arg_kfunc	tc:test_stack_arg_mix	2	2	2	2	1	1	0	0	0	1	0	0	0	0	0	0	0	0	0	0	0	0	1	0	0	0	1	0	0	0	0	0	0	0	0	0	0	0	0	1	0	0
stack_arg_kfunc	tc:test_stack_arg_ptr	2	2	2	2	1	1	0	0	0	1	0	0	0	0	0	0	0	0	0	0	0	0	1	0	0	0	1	0	0	0	0	0	0	0	0	0	0	0	0	1	0	0
stack_arg_kfunc	tc:test_stack_arg_scalar	2	2	2	2	1	1	0	0	0	1	0	0	0	0	0	0	0	0	0	0	0	0	1	0	0	0	1	0	0	0	0	0	0	0	0	0	0	0	0	1	0	0
stack_arg_kfunc	tc:test_stack_arg_timer	2	2	2	2	1	1	0	0	0	1	0	0	0	0	0	0	0	0	0	0	0	0	1	0	0	0	1	0	0	0	0	0	0	0	0	0	0	0	0	1	0	0
stacktrace_map_skip	tracepoint/sched/sched_switch:oncpu	51	49	51	49	1	1	8	8	17	5	0	2	3	1	12	5	0	5	0	0	0	0	1	0	0	15	4	0	2	3	1	12	5	1	5	0	0	0	0	1	0	0
string_kfuncs_failure1	syscall:test_strcasecmp_null1	5	5	5	5	1	1	0	0	1	0	0	0	0	0	2	0	0	0	1	0	0	0	1	0	0	1	0	0	0	0	0	2	0	0	0	1	0	0	0	1	0	0
string_kfuncs_failure1	syscall:test_strcasecmp_null2	5	5	5	5	1	1	0	0	1	0	0	0	0	0	2	0	0	0	1	0	0	0	1	0	0	1	0	0	0	0	0	2	0	0	0	1	0	0	0	1	0	0
string_kfuncs_failure1	syscall:test_strcasecmp_pagefault1	7	7	7	7	1	1	0	0	0	0	0	0	1	0	4	0	0	0	1	0	0	0	1	0	0	0	0	0	0	1	0	4	0	0	0	1	0	0	0	1	0	0
string_kfuncs_failure1	syscall:test_strcasecmp_pagefault2	7	7	7	7	1	1	0	0	0	0	0	0	1	0	4	0	0	0	1	0	0	0	1	0	0	0	0	0	0	1	0	4	0	0	0	1	0	0	0	1	0	0
string_kfuncs_failure1	syscall:test_strcasecmp_user_ptr1	7	7	7	7	1	1	0	0	0	0	0	0	1	0	4	0	0	0	1	0	0	0	1	0	0	0	0	0	0	1	0	4	0	0	0	1	0	0	0	1	0	0
string_kfuncs_failure1	syscall:test_strcasecmp_user_ptr2	7	7	7	7	1	1	0	0	0	0	0	0	1	0	4	0	0	0	1	0	0	0	1	0	0	0	0	0	0	1	0	4	0	0	0	1	0	0	0	1	0	0
string_kfuncs_failure1	syscall:test_strcasestr_null1	5	5	5	5	1	1	0	0	1	0	0	0	0	0	2	0	0	0	1	0	0	0	1	0	0	1	0	0	0	0	0	2	0	0	0	1	0	0	0	1	0	0
string_kfuncs_failure1	syscall:test_strcasestr_null2	5	5	5	5	1	1	0	0	1	0	0	0	0	0	2	0	0	0	1	0	0	0	1	0	0	1	0	0	0	0	0	2	0	0	0	1	0	0	0	1	0	0
string_kfuncs_failure1	syscall:test_strcasestr_pagefault1	7	7	7	7	1	1	0	0	0	0	0	0	1	0	4	0	0	0	1	0	0	0	1	0	0	0	0	0	0	1	0	4	0	0	0	1	0	0	0	1	0	0
string_kfuncs_failure1	syscall:test_strcasestr_pagefault2	7	7	7	7	1	1	0	0	0	0	0	0	1	0	4	0	0	0	1	0	0	0	1	0	0	0	0	0	0	1	0	4	0	0	0	1	0	0	0	1	0	0
string_kfuncs_failure1	syscall:test_strcasestr_user_ptr1	7	7	7	7	1	1	0	0	0	0	0	0	1	0	4	0	0	0	1	0	0	0	1	0	0	0	0	0	0	1	0	4	0	0	0	1	0	0	0	1	0	0
string_kfuncs_failure1	syscall:test_strcasestr_user_ptr2	7	7	7	7	1	1	0	0	0	0	0	0	1	0	4	0	0	0	1	0	0	0	1	0	0	0	0	0	0	1	0	4	0	0	0	1	0	0	0	1	0	0
string_kfuncs_failure1	syscall:test_strchr_null	4	4	4	4	1	1	0	0	1	1	0	0	0	0	0	0	0	0	1	0	0	0	1	0	0	1	1	0	0	0	0	0	0	0	0	1	0	0	0	1	0	0
string_kfuncs_failure1	syscall:test_strchr_pagefault	6	6	6	6	1	1	0	0	0	1	0	0	1	0	2	0	0	0	1	0	0	0	1	0	0	0	1	0	0	1	0	2	0	0	0	1	0	0	0	1	0	0
string_kfuncs_failure1	syscall:test_strchr_user_ptr	6	6	6	6	1	1	0	0	0	1	0	0	1	0	2	0	0	0	1	0	0	0	1	0	0	0	1	0	0	1	0	2	0	0	0	1	0	0	0	1	0	0
string_kfuncs_failure1	syscall:test_strchrnul_null	4	4	4	4	1	1	0	0	1	1	0	0	0	0	0	0	0	0	1	0	0	0	1	0	0	1	1	0	0	0	0	0	0	0	0	1	0	0	0	1	0	0
string_kfuncs_failure1	syscall:test_strchrnul_pagefault	6	6	6	6	1	1	0	0	0	1	0	0	1	0	2	0	0	0	1	0	0	0	1	0	0	0	1	0	0	1	0	2	0	0	0	1	0	0	0	1	0	0
string_kfuncs_failure1	syscall:test_strchrnul_user_ptr	6	6	6	6	1	1	0	0	0	1	0	0	1	0	2	0	0	0	1	0	0	0	1	0	0	0	1	0	0	1	0	2	0	0	0	1	0	0	0	1	0	0
string_kfuncs_failure1	syscall:test_strcmp_null1	5	5	5	5	1	1	0	0	1	0	0	0	0	0	2	0	0	0	1	0	0	0	1	0	0	1	0	0	0	0	0	2	0	0	0	1	0	0	0	1	0	0
string_kfuncs_failure1	syscall:test_strcmp_null2	5	5	5	5	1	1	0	0	1	0	0	0	0	0	2	0	0	0	1	0	0	0	1	0	0	1	0	0	0	0	0	2	0	0	0	1	0	0	0	1	0	0
string_kfuncs_failure1	syscall:test_strcmp_pagefault1	7	7	7	7	1	1	0	0	0	0	0	0	1	0	4	0	0	0	1	0	0	0	1	0	0	0	0	0	0	1	0	4	0	0	0	1	0	0	0	1	0	0
string_kfuncs_failure1	syscall:test_strcmp_pagefault2	7	7	7	7	1	1	0	0	0	0	0	0	1	0	4	0	0	0	1	0	0	0	1	0	0	0	0	0	0	1	0	4	0	0	0	1	0	0	0	1	0	0
string_kfuncs_failure1	syscall:test_strcmp_user_ptr1	7	7	7	7	1	1	0	0	0	0	0	0	1	0	4	0	0	0	1	0	0	0	1	0	0	0	0	0	0	1	0	4	0	0	0	1	0	0	0	1	0	0
string_kfuncs_failure1	syscall:test_strcmp_user_ptr2	7	7	7	7	1	1	0	0	0	0	0	0	1	0	4	0	0	0	1	0	0	0	1	0	0	0	0	0	0	1	0	4	0	0	0	1	0	0	0	1	0	0
string_kfuncs_failure1	syscall:test_strcspn_null1	5	5	5	5	1	1	0	0	1	0	0	0	0	0	2	0	0	0	1	0	0	0	1	0	0	1	0	0	0	0	0	2	0	0	0	1	0	0	0	1	0	0
string_kfuncs_failure1	syscall:test_strcspn_null2	5	5	5	5	1	1	0	0	1	0	0	0	0	0	2	0	0	0	1	0	0	0	1	0	0	1	0	0	0	0	0	2	0	0	0	1	0	0	0	1	0	0
string_kfuncs_failure1	syscall:test_strcspn_pagefault1	7	7	7	7	1	1	0	0	0	0	0	0	1	0	4	0	0	0	1	0	0	0	1	0	0	0	0	0	0	1	0	4	0	0	0	1	0	0	0	1	0	0
string_kfuncs_failure1	syscall:test_strcspn_pagefault2	7	7	7	7	1	1	0	0	0	0	0	0	1	0	4	0	0	0	1	0	0	0	1	0	0	0	0	0	0	1	0	4	0	0	0	1	0	0	0	1	0	0
string_kfuncs_failure1	syscall:test_strcspn_user_ptr1	7	7	7	7	1	1	0	0	0	0	0	0	1	0	4	0	0	0	1	0	0	0	1	0	0	0	0	0	0	1	0	4	0	0	0	1	0	0	0	1	0	0
string_kfuncs_failure1	syscall:test_strcspn_user_ptr2	7	7	7	7	1	1	0	0	0	0	0	0	1	0	4	0	0	0	1	0	0	0	1	0	0	0	0	0	0	1	0	4	0	0	0	1	0	0	0	1	0	0
string_kfuncs_failure1	syscall:test_strlen_null	3	3	3	3	1	1	0	0	1	0	0	0	0	0	0	0	0	0	1	0	0	0	1	0	0	1	0	0	0	0	0	0	0	0	0	1	0	0	0	1	0	0
string_kfuncs_failure1	syscall:test_strlen_pagefault	5	5	5	5	1	1	0	0	0	0	0	0	1	0	2	0	0	0	1	0	0	0	1	0	0	0	0	0	0	1	0	2	0	0	0	1	0	0	0	1	0	0
string_kfuncs_failure1	syscall:test_strlen_user_ptr	5	5	5	5	1	1	0	0	0	0	0	0	1	0	2	0	0	0	1	0	0	0	1	0	0	0	0	0	0	1	0	2	0	0	0	1	0	0	0	1	0	0
string_kfuncs_failure1	syscall:test_strncasecmp_null1	6	6	6	6	1	1	0	0	2	0	0	0	0	0	2	0	0	0	1	0	0	0	1	0	0	2	0	0	0	0	0	2	0	0	0	1	0	0	0	1	0	0
string_kfuncs_failure1	syscall:test_strncasecmp_null2	6	6	6	6	1	1	0	0	2	0	0	0	0	0	2	0	0	0	1	0	0	0	1	0	0	2	0	0	0	0	0	2	0	0	0	1	0	0	0	1	0	0
string_kfuncs_failure1	syscall:test_strncasecmp_pagefault1	8	8	8	8	1	1	0	0	1	0	0	0	1	0	4	0	0	0	1	0	0	0	1	0	0	1	0	0	0	1	0	4	0	0	0	1	0	0	0	1	0	0
string_kfuncs_failure1	syscall:test_strncasecmp_pagefault2	8	8	8	8	1	1	0	0	1	0	0	0	1	0	4	0	0	0	1	0	0	0	1	0	0	1	0	0	0	1	0	4	0	0	0	1	0	0	0	1	0	0
string_kfuncs_failure1	syscall:test_strncasecmp_user_ptr1	8	8	8	8	1	1	0	0	1	0	0	0	1	0	4	0	0	0	1	0	0	0	1	0	0	1	0	0	0	1	0	4	0	0	0	1	0	0	0	1	0	0
string_kfuncs_failure1	syscall:test_strncasecmp_user_ptr2	8	8	8	8	1	1	0	0	1	0	0	0	1	0	4	0	0	0	1	0	0	0	1	0	0	1	0	0	0	1	0	4	0	0	0	1	0	0	0	1	0	0
string_kfuncs_failure1	syscall:test_strncasestr_null1	6	6	6	6	1	1	0	0	2	0	0	0	0	0	2	0	0	0	1	0	0	0	1	0	0	2	0	0	0	0	0	2	0	0	0	1	0	0	0	1	0	0
string_kfuncs_failure1	syscall:test_strncasestr_null2	6	6	6	6	1	1	0	0	2	0	0	0	0	0	2	0	0	0	1	0	0	0	1	0	0	2	0	0	0	0	0	2	0	0	0	1	0	0	0	1	0	0
string_kfuncs_failure1	syscall:test_strncasestr_pagefault1	8	8	8	8	1	1	0	0	1	0	0	0	1	0	4	0	0	0	1	0	0	0	1	0	0	1	0	0	0	1	0	4	0	0	0	1	0	0	0	1	0	0
string_kfuncs_failure1	syscall:test_strncasestr_pagefault2	8	8	8	8	1	1	0	0	1	0	0	0	1	0	4	0	0	0	1	0	0	0	1	0	0	1	0	0	0	1	0	4	0	0	0	1	0	0	0	1	0	0
string_kfuncs_failure1	syscall:test_strncasestr_user_ptr1	8	8	8	8	1	1	0	0	1	0	0	0	1	0	4	0	0	0	1	0	0	0	1	0	0	1	0	0	0	1	0	4	0	0	0	1	0	0	0	1	0	0
string_kfuncs_failure1	syscall:test_strncasestr_user_ptr2	8	8	8	8	1	1	0	0	1	0	0	0	1	0	4	0	0	0	1	0	0	0	1	0	0	1	0	0	0	1	0	4	0	0	0	1	0	0	0	1	0	0
string_kfuncs_failure1	syscall:test_strnchr_null	5	5	5	5	1	1	0	0	2	1	0	0	0	0	0	0	0	0	1	0	0	0	1	0	0	2	1	0	0	0	0	0	0	0	0	1	0	0	0	1	0	0
string_kfuncs_failure1	syscall:test_strnchr_pagefault	7	7	7	7	1	1	0	0	1	1	0	0	1	0	2	0	0	0	1	0	0	0	1	0	0	1	1	0	0	1	0	2	0	0	0	1	0	0	0	1	0	0
string_kfuncs_failure1	syscall:test_strnchr_user_ptr	7	7	7	7	1	1	0	0	1	1	0	0	1	0	2	0	0	0	1	0	0	0	1	0	0	1	1	0	0	1	0	2	0	0	0	1	0	0	0	1	0	0
string_kfuncs_failure1	syscall:test_strnlen_null	4	4	4	4	1	1	0	0	2	0	0	0	0	0	0	0	0	0	1	0	0	0	1	0	0	2	0	0	0	0	0	0	0	0	0	1	0	0	0	1	0	0
string_kfuncs_failure1	syscall:test_strnlen_pagefault	6	6	6	6	1	1	0	0	1	0	0	0	1	0	2	0	0	0	1	0	0	0	1	0	0	1	0	0	0	1	0	2	0	0	0	1	0	0	0	1	0	0
string_kfuncs_failure1	syscall:test_strnlen_user_ptr	6	6	6	6	1	1	0	0	1	0	0	0	1	0	2	0	0	0	1	0	0	0	1	0	0	1	0	0	0	1	0	2	0	0	0	1	0	0	0	1	0	0
string_kfuncs_failure1	syscall:test_strnstr_null1	6	6	6	6	1	1	0	0	2	0	0	0	0	0	2	0	0	0	1	0	0	0	1	0	0	2	0	0	0	0	0	2	0	0	0	1	0	0	0	1	0	0
string_kfuncs_failure1	syscall:test_strnstr_null2	6	6	6	6	1	1	0	0	2	0	0	0	0	0	2	0	0	0	1	0	0	0	1	0	0	2	0	0	0	0	0	2	0	0	0	1	0	0	0	1	0	0
string_kfuncs_failure1	syscall:test_strnstr_pagefault1	8	8	8	8	1	1	0	0	1	0	0	0	1	0	4	0	0	0	1	0	0	0	1	0	0	1	0	0	0	1	0	4	0	0	0	1	0	0	0	1	0	0
string_kfuncs_failure1	syscall:test_strnstr_pagefault2	8	8	8	8	1	1	0	0	1	0	0	0	1	0	4	0	0	0	1	0	0	0	1	0	0	1	0	0	0	1	0	4	0	0	0	1	0	0	0	1	0	0
string_kfuncs_failure1	syscall:test_strnstr_user_ptr1	8	8	8	8	1	1	0	0	1	0	0	0	1	0	4	0	0	0	1	0	0	0	1	0	0	1	0	0	0	1	0	4	0	0	0	1	0	0	0	1	0	0
string_kfuncs_failure1	syscall:test_strnstr_user_ptr2	8	8	8	8	1	1	0	0	1	0	0	0	1	0	4	0	0	0	1	0	0	0	1	0	0	1	0	0	0	1	0	4	0	0	0	1	0	0	0	1	0	0
string_kfuncs_failure1	syscall:test_strrchr_null	4	4	4	4	1	1	0	0	1	1	0	0	0	0	0	0	0	0	1	0	0	0	1	0	0	1	1	0	0	0	0	0	0	0	0	1	0	0	0	1	0	0
string_kfuncs_failure1	syscall:test_strrchr_pagefault	6	6	6	6	1	1	0	0	0	1	0	0	1	0	2	0	0	0	1	0	0	0	1	0	0	0	1	0	0	1	0	2	0	0	0	1	0	0	0	1	0	0
string_kfuncs_failure1	syscall:test_strrchr_user_ptr	6	6	6	6	1	1	0	0	0	1	0	0	1	0	2	0	0	0	1	0	0	0	1	0	0	0	1	0	0	1	0	2	0	0	0	1	0	0	0	1	0	0
string_kfuncs_failure1	syscall:test_strspn_null1	5	5	5	5	1	1	0	0	1	0	0	0	0	0	2	0	0	0	1	0	0	0	1	0	0	1	0	0	0	0	0	2	0	0	0	1	0	0	0	1	0	0
string_kfuncs_failure1	syscall:test_strspn_null2	5	5	5	5	1	1	0	0	1	0	0	0	0	0	2	0	0	0	1	0	0	0	1	0	0	1	0	0	0	0	0	2	0	0	0	1	0	0	0	1	0	0
string_kfuncs_failure1	syscall:test_strspn_pagefault1	7	7	7	7	1	1	0	0	0	0	0	0	1	0	4	0	0	0	1	0	0	0	1	0	0	0	0	0	0	1	0	4	0	0	0	1	0	0	0	1	0	0
string_kfuncs_failure1	syscall:test_strspn_pagefault2	7	7	7	7	1	1	0	0	0	0	0	0	1	0	4	0	0	0	1	0	0	0	1	0	0	0	0	0	0	1	0	4	0	0	0	1	0	0	0	1	0	0
string_kfuncs_failure1	syscall:test_strspn_user_ptr1	7	7	7	7	1	1	0	0	0	0	0	0	1	0	4	0	0	0	1	0	0	0	1	0	0	0	0	0	0	1	0	4	0	0	0	1	0	0	0	1	0	0
string_kfuncs_failure1	syscall:test_strspn_user_ptr2	7	7	7	7	1	1	0	0	0	0	0	0	1	0	4	0	0	0	1	0	0	0	1	0	0	0	0	0	0	1	0	4	0	0	0	1	0	0	0	1	0	0
string_kfuncs_failure1	syscall:test_strstr_null1	5	5	5	5	1	1	0	0	1	0	0	0	0	0	2	0	0	0	1	0	0	0	1	0	0	1	0	0	0	0	0	2	0	0	0	1	0	0	0	1	0	0
string_kfuncs_failure1	syscall:test_strstr_null2	5	5	5	5	1	1	0	0	1	0	0	0	0	0	2	0	0	0	1	0	0	0	1	0	0	1	0	0	0	0	0	2	0	0	0	1	0	0	0	1	0	0
string_kfuncs_failure1	syscall:test_strstr_pagefault1	7	7	7	7	1	1	0	0	0	0	0	0	1	0	4	0	0	0	1	0	0	0	1	0	0	0	0	0	0	1	0	4	0	0	0	1	0	0	0	1	0	0
string_kfuncs_failure1	syscall:test_strstr_pagefault2	7	7	7	7	1	1	0	0	0	0	0	0	1	0	4	0	0	0	1	0	0	0	1	0	0	0	0	0	0	1	0	4	0	0	0	1	0	0	0	1	0	0
string_kfuncs_failure1	syscall:test_strstr_user_ptr1	7	7	7	7	1	1	0	0	0	0	0	0	1	0	4	0	0	0	1	0	0	0	1	0	0	0	0	0	0	1	0	4	0	0	0	1	0	0	0	1	0	0
string_kfuncs_failure1	syscall:test_strstr_user_ptr2	7	7	7	7	1	1	0	0	0	0	0	0	1	0	4	0	0	0	1	0	0	0	1	0	0	0	0	0	0	1	0	4	0	0	0	1	0	0	0	1	0	0
string_kfuncs_failure2	syscall:test_strcasecmp_too_long	6	6	6	6	1	1	0	0	0	0	0	0	0	0	4	0	0	0	1	0	0	0	1	0	0	0	0	0	0	0	0	4	0	0	0	1	0	0	0	1	0	0
string_kfuncs_failure2	syscall:test_strcasestr_too_long	6	6	6	6	1	1	0	0	0	0	0	0	0	0	4	0	0	0	1	0	0	0	1	0	0	0	0	0	0	0	0	4	0	0	0	1	0	0	0	1	0	0
string_kfuncs_failure2	syscall:test_strchr_too_long	5	5	5	5	1	1	0	0	0	1	0	0	0	0	2	0	0	0	1	0	0	0	1	0	0	0	1	0	0	0	0	2	0	0	0	1	0	0	0	1	0	0
string_kfuncs_failure2	syscall:test_strchrnul_too_long	5	5	5	5	1	1	0	0	0	1	0	0	0	0	2	0	0	0	1	0	0	0	1	0	0	0	1	0	0	0	0	2	0	0	0	1	0	0	0	1	0	0
string_kfuncs_failure2	syscall:test_strcmp_too_long	6	6	6	6	1	1	0	0	0	0	0	0	0	0	4	0	0	0	1	0	0	0	1	0	0	0	0	0	0	0	0	4	0	0	0	1	0	0	0	1	0	0
string_kfuncs_failure2	syscall:test_strcspn_reject_too_long	6	6	6	6	1	1	0	0	0	0	0	0	0	0	4	0	0	0	1	0	0	0	1	0	0	0	0	0	0	0	0	4	0	0	0	1	0	0	0	1	0	0
string_kfuncs_failure2	syscall:test_strcspn_str_too_long	6	6	6	6	1	1	0	0	0	0	0	0	0	0	4	0	0	0	1	0	0	0	1	0	0	0	0	0	0	0	0	4	0	0	0	1	0	0	0	1	0	0
string_kfuncs_failure2	syscall:test_strlen_too_long	4	4	4	4	1	1	0	0	0	0	0	0	0	0	2	0	0	0	1	0	0	0	1	0	0	0	0	0	0	0	0	2	0	0	0	1	0	0	0	1	0	0
string_kfuncs_failure2	syscall:test_strncasecmp_too_long	7	7	7	7	1	1	0	0	1	0	0	0	0	0	4	0	0	0	1	0	0	0	1	0	0	1	0	0	0	0	0	4	0	0	0	1	0	0	0	1	0	0
string_kfuncs_failure2	syscall:test_strncasestr_too_long	7	7	7	7	1	1	0	0	1	0	0	0	0	0	4	0	0	0	1	0	0	0	1	0	0	1	0	0	0	0	0	4	0	0	0	1	0	0	0	1	0	0
string_kfuncs_failure2	syscall:test_strnchr_too_long	6	6	6	6	1	1	0	0	1	1	0	0	0	0	2	0	0	0	1	0	0	0	1	0	0	1	1	0	0	0	0	2	0	0	0	1	0	0	0	1	0	0
string_kfuncs_failure2	syscall:test_strnlen_too_long	5	5	5	5	1	1	0	0	1	0	0	0	0	0	2	0	0	0	1	0	0	0	1	0	0	1	0	0	0	0	0	2	0	0	0	1	0	0	0	1	0	0
string_kfuncs_failure2	syscall:test_strnstr_too_long	7	7	7	7	1	1	0	0	1	0	0	0	0	0	4	0	0	0	1	0	0	0	1	0	0	1	0	0	0	0	0	4	0	0	0	1	0	0	0	1	0	0
string_kfuncs_failure2	syscall:test_strrchr_too_long	5	5	5	5	1	1	0	0	0	1	0	0	0	0	2	0	0	0	1	0	0	0	1	0	0	0	1	0	0	0	0	2	0	0	0	1	0	0	0	1	0	0
string_kfuncs_failure2	syscall:test_strspn_accept_too_long	6	6	6	6	1	1	0	0	0	0	0	0	0	0	4	0	0	0	1	0	0	0	1	0	0	0	0	0	0	0	0	4	0	0	0	1	0	0	0	1	0	0
string_kfuncs_failure2	syscall:test_strspn_str_too_long	6	6	6	6	1	1	0	0	0	0	0	0	0	0	4	0	0	0	1	0	0	0	1	0	0	0	0	0	0	0	0	4	0	0	0	1	0	0	0	1	0	0
string_kfuncs_failure2	syscall:test_strstr_too_long	6	6	6	6	1	1	0	0	0	0	0	0	0	0	4	0	0	0	1	0	0	0	1	0	0	0	0	0	0	0	0	4	0	0	0	1	0	0	0	1	0	0
string_kfuncs_success	syscall:test_strcasecmp_eq1	6	6	6	6	1	1	0	0	0	0	0	0	0	0	4	0	0	0	1	0	0	0	1	0	0	0	0	0	0	0	0	4	0	0	0	1	0	0	0	1	0	0
string_kfuncs_success	syscall:test_strcasecmp_eq2	6	6	6	6	1	1	0	0	0	0	0	0	0	0	4	0	0	0	1	0	0	0	1	0	0	0	0	0	0	0	0	4	0	0	0	1	0	0	0	1	0	0
string_kfuncs_success	syscall:test_strcasecmp_eq3	6	6	6	6	1	1	0	0	0	0	0	0	0	0	4	0	0	0	1	0	0	0	1	0	0	0	0	0	0	0	0	4	0	0	0	1	0	0	0	1	0	0
string_kfuncs_success	syscall:test_strcasecmp_neq1	6	6	6	6	1	1	0	0	0	0	0	0	0	0	4	0	0	0	1	0	0	0	1	0	0	0	0	0	0	0	0	4	0	0	0	1	0	0	0	1	0	0
string_kfuncs_success	syscall:test_strcasecmp_neq2	6	6	6	6	1	1	0	0	0	0	0	0	0	0	4	0	0	0	1	0	0	0	1	0	0	0	0	0	0	0	0	4	0	0	0	1	0	0	0	1	0	0
string_kfuncs_success	syscall:test_strcasestr_empty	6	6	6	6	1	1	0	0	0	0	0	0	0	0	4	0	0	0	1	0	0	0	1	0	0	0	0	0	0	0	0	4	0	0	0	1	0	0	0	1	0	0
string_kfuncs_success	syscall:test_strcasestr_found	6	6	6	6	1	1	0	0	0	0	0	0	0	0	4	0	0	0	1	0	0	0	1	0	0	0	0	0	0	0	0	4	0	0	0	1	0	0	0	1	0	0
string_kfuncs_success	syscall:test_strcasestr_notfound	6	6	6	6	1	1	0	0	0	0	0	0	0	0	4	0	0	0	1	0	0	0	1	0	0	0	0	0	0	0	0	4	0	0	0	1	0	0	0	1	0	0
string_kfuncs_success	syscall:test_strchr_found	5	5	5	5	1	1	0	0	0	1	0	0	0	0	2	0	0	0	1	0	0	0	1	0	0	0	1	0	0	0	0	2	0	0	0	1	0	0	0	1	0	0
string_kfuncs_success	syscall:test_strchr_notfound	5	5	5	5	1	1	0	0	0	1	0	0	0	0	2	0	0	0	1	0	0	0	1	0	0	0	1	0	0	0	0	2	0	0	0	1	0	0	0	1	0	0
string_kfuncs_success	syscall:test_strchr_null	5	5	5	5	1	1	0	0	0	1	0	0	0	0	2	0	0	0	1	0	0	0	1	0	0	0	1	0	0	0	0	2	0	0	0	1	0	0	0	1	0	0
string_kfuncs_success	syscall:test_strchrnul_found	5	5	5	5	1	1	0	0	0	1	0	0	0	0	2	0	0	0	1	0	0	0	1	0	0	0	1	0	0	0	0	2	0	0	0	1	0	0	0	1	0	0
string_kfuncs_success	syscall:test_strchrnul_notfound	5	5	5	5	1	1	0	0	0	1	0	0	0	0	2	0	0	0	1	0	0	0	1	0	0	0	1	0	0	0	0	2	0	0	0	1	0	0	0	1	0	0
string_kfuncs_success	syscall:test_strcmp_eq	6	6	6	6	1	1	0	0	0	0	0	0	0	0	4	0	0	0	1	0	0	0	1	0	0	0	0	0	0	0	0	4	0	0	0	1	0	0	0	1	0	0
string_kfuncs_success	syscall:test_strcmp_neq	6	6	6	6	1	1	0	0	0	0	0	0	0	0	4	0	0	0	1	0	0	0	1	0	0	0	0	0	0	0	0	4	0	0	0	1	0	0	0	1	0	0
string_kfuncs_success	syscall:test_strcspn	6	6	6	6	1	1	0	0	0	0	0	0	0	0	4	0	0	0	1	0	0	0	1	0	0	0	0	0	0	0	0	4	0	0	0	1	0	0	0	1	0	0
string_kfuncs_success	syscall:test_strlen	4	4	4	4	1	1	0	0	0	0	0	0	0	0	2	0	0	0	1	0	0	0	1	0	0	0	0	0	0	0	0	2	0	0	0	1	0	0	0	1	0	0
string_kfuncs_success	syscall:test_strncasecmp_eq1	7	7	7	7	1	1	0	0	1	0	0	0	0	0	4	0	0	0	1	0	0	0	1	0	0	1	0	0	0	0	0	4	0	0	0	1	0	0	0	1	0	0
string_kfuncs_success	syscall:test_strncasecmp_eq2	7	7	7	7	1	1	0	0	1	0	0	0	0	0	4	0	0	0	1	0	0	0	1	0	0	1	0	0	0	0	0	4	0	0	0	1	0	0	0	1	0	0
string_kfuncs_success	syscall:test_strncasecmp_eq3	7	7	7	7	1	1	0	0	1	0	0	0	0	0	4	0	0	0	1	0	0	0	1	0	0	1	0	0	0	0	0	4	0	0	0	1	0	0	0	1	0	0
string_kfuncs_success	syscall:test_strncasecmp_eq4	7	7	7	7	1	1	0	0	1	0	0	0	0	0	4	0	0	0	1	0	0	0	1	0	0	1	0	0	0	0	0	4	0	0	0	1	0	0	0	1	0	0
string_kfuncs_success	syscall:test_strncasecmp_eq5	7	7	7	7	1	1	0	0	1	0	0	0	0	0	4	0	0	0	1	0	0	0	1	0	0	1	0	0	0	0	0	4	0	0	0	1	0	0	0	1	0	0
string_kfuncs_success	syscall:test_strncasecmp_neq1	7	7	7	7	1	1	0	0	1	0	0	0	0	0	4	0	0	0	1	0	0	0	1	0	0	1	0	0	0	0	0	4	0	0	0	1	0	0	0	1	0	0
string_kfuncs_success	syscall:test_strncasecmp_neq2	7	7	7	7	1	1	0	0	1	0	0	0	0	0	4	0	0	0	1	0	0	0	1	0	0	1	0	0	0	0	0	4	0	0	0	1	0	0	0	1	0	0
string_kfuncs_success	syscall:test_strncasestr_empty	7	7	7	7	1	1	0	0	1	0	0	0	0	0	4	0	0	0	1	0	0	0	1	0	0	1	0	0	0	0	0	4	0	0	0	1	0	0	0	1	0	0
string_kfuncs_success	syscall:test_strncasestr_found1	7	7	7	7	1	1	0	0	1	0	0	0	0	0	4	0	0	0	1	0	0	0	1	0	0	1	0	0	0	0	0	4	0	0	0	1	0	0	0	1	0	0
string_kfuncs_success	syscall:test_strncasestr_found2	7	7	7	7	1	1	0	0	1	0	0	0	0	0	4	0	0	0	1	0	0	0	1	0	0	1	0	0	0	0	0	4	0	0	0	1	0	0	0	1	0	0
string_kfuncs_success	syscall:test_strncasestr_found3	7	7	7	7	1	1	0	0	1	0	0	0	0	0	4	0	0	0	1	0	0	0	1	0	0	1	0	0	0	0	0	4	0	0	0	1	0	0	0	1	0	0
string_kfuncs_success	syscall:test_strncasestr_notfound1	7	7	7	7	1	1	0	0	1	0	0	0	0	0	4	0	0	0	1	0	0	0	1	0	0	1	0	0	0	0	0	4	0	0	0	1	0	0	0	1	0	0
string_kfuncs_success	syscall:test_strncasestr_notfound2	7	7	7	7	1	1	0	0	1	0	0	0	0	0	4	0	0	0	1	0	0	0	1	0	0	1	0	0	0	0	0	4	0	0	0	1	0	0	0	1	0	0
string_kfuncs_success	syscall:test_strncasestr_notfound3	7	7	7	7	1	1	0	0	1	0	0	0	0	0	4	0	0	0	1	0	0	0	1	0	0	1	0	0	0	0	0	4	0	0	0	1	0	0	0	1	0	0
string_kfuncs_success	syscall:test_strnchr_found	6	6	6	6	1	1	0	0	1	1	0	0	0	0	2	0	0	0	1	0	0	0	1	0	0	1	1	0	0	0	0	2	0	0	0	1	0	0	0	1	0	0
string_kfuncs_success	syscall:test_strnchr_notfound	6	6	6	6	1	1	0	0	1	1	0	0	0	0	2	0	0	0	1	0	0	0	1	0	0	1	1	0	0	0	0	2	0	0	0	1	0	0	0	1	0	0
string_kfuncs_success	syscall:test_strnchr_null	6	6	6	6	1	1	0	0	1	1	0	0	0	0	2	0	0	0	1	0	0	0	1	0	0	1	1	0	0	0	0	2	0	0	0	1	0	0	0	1	0	0
string_kfuncs_success	syscall:test_strnlen	5	5	5	5	1	1	0	0	1	0	0	0	0	0	2	0	0	0	1	0	0	0	1	0	0	1	0	0	0	0	0	2	0	0	0	1	0	0	0	1	0	0
string_kfuncs_success	syscall:test_strnstr_empty	7	7	7	7	1	1	0	0	1	0	0	0	0	0	4	0	0	0	1	0	0	0	1	0	0	1	0	0	0	0	0	4	0	0	0	1	0	0	0	1	0	0
string_kfuncs_success	syscall:test_strnstr_found1	7	7	7	7	1	1	0	0	1	0	0	0	0	0	4	0	0	0	1	0	0	0	1	0	0	1	0	0	0	0	0	4	0	0	0	1	0	0	0	1	0	0
string_kfuncs_success	syscall:test_strnstr_found2	7	7	7	7	1	1	0	0	1	0	0	0	0	0	4	0	0	0	1	0	0	0	1	0	0	1	0	0	0	0	0	4	0	0	0	1	0	0	0	1	0	0
string_kfuncs_success	syscall:test_strnstr_found3	7	7	7	7	1	1	0	0	1	0	0	0	0	0	4	0	0	0	1	0	0	0	1	0	0	1	0	0	0	0	0	4	0	0	0	1	0	0	0	1	0	0
string_kfuncs_success	syscall:test_strnstr_notfound1	7	7	7	7	1	1	0	0	1	0	0	0	0	0	4	0	0	0	1	0	0	0	1	0	0	1	0	0	0	0	0	4	0	0	0	1	0	0	0	1	0	0
string_kfuncs_success	syscall:test_strnstr_notfound2	7	7	7	7	1	1	0	0	1	0	0	0	0	0	4	0	0	0	1	0	0	0	1	0	0	1	0	0	0	0	0	4	0	0	0	1	0	0	0	1	0	0
string_kfuncs_success	syscall:test_strnstr_notfound3	7	7	7	7	1	1	0	0	1	0	0	0	0	0	4	0	0	0	1	0	0	0	1	0	0	1	0	0	0	0	0	4	0	0	0	1	0	0	0	1	0	0
string_kfuncs_success	syscall:test_strrchr_found	5	5	5	5	1	1	0	0	0	1	0	0	0	0	2	0	0	0	1	0	0	0	1	0	0	0	1	0	0	0	0	2	0	0	0	1	0	0	0	1	0	0
string_kfuncs_success	syscall:test_strrchr_notfound	5	5	5	5	1	1	0	0	0	1	0	0	0	0	2	0	0	0	1	0	0	0	1	0	0	0	1	0	0	0	0	2	0	0	0	1	0	0	0	1	0	0
string_kfuncs_success	syscall:test_strrchr_null	5	5	5	5	1	1	0	0	0	1	0	0	0	0	2	0	0	0	1	0	0	0	1	0	0	0	1	0	0	0	0	2	0	0	0	1	0	0	0	1	0	0
string_kfuncs_success	syscall:test_strspn	6	6	6	6	1	1	0	0	0	0	0	0	0	0	4	0	0	0	1	0	0	0	1	0	0	0	0	0	0	0	0	4	0	0	0	1	0	0	0	1	0	0
string_kfuncs_success	syscall:test_strstr_empty	6	6	6	6	1	1	0	0	0	0	0	0	0	0	4	0	0	0	1	0	0	0	1	0	0	0	0	0	0	0	0	4	0	0	0	1	0	0	0	1	0	0
string_kfuncs_success	syscall:test_strstr_found	6	6	6	6	1	1	0	0	0	0	0	0	0	0	4	0	0	0	1	0	0	0	1	0	0	0	0	0	0	0	0	4	0	0	0	1	0	0	0	1	0	0
string_kfuncs_success	syscall:test_strstr_notfound	6	6	6	6	1	1	0	0	0	0	0	0	0	0	4	0	0	0	1	0	0	0	1	0	0	0	0	0	0	0	0	4	0	0	0	1	0	0	0	1	0	0
struct_ops_autocreate	struct_ops/test_1:test_1	6	5	6	5	1	1	0	0	0	2	0	0	0	1	2	0	0	0	0	0	0	0	1	0	0	0	1	0	0	0	1	2	0	0	0	0	0	0	0	1	0	0
struct_ops_autocreate	struct_ops/test_1:test_2	2	2	2	2	1	1	0	0	0	1	0	0	0	0	0	0	0	0	0	0	0	0	1	0	0	0	1	0	0	0	0	0	0	0	0	0	0	0	0	1	0	0
struct_ops_autocreate2	?struct_ops/test_1:bar	6	5	6	5	1	1	0	0	0	2	0	0	0	1	2	0	0	0	0	0	0	0	1	0	0	0	1	0	0	0	1	2	0	0	0	0	0	0	0	1	0	0
struct_ops_autocreate2	?struct_ops/test_1:foo	6	5	6	5	1	1	0	0	0	2	0	0	0	1	2	0	0	0	0	0	0	0	1	0	0	0	1	0	0	0	1	2	0	0	0	0	0	0	0	1	0	0
struct_ops_kptr_return	struct_ops/test_return_ref_kptr:kptr_return	8	8	8	8	1	1	0	0	3	0	0	0	2	0	0	1	0	0	1	0	0	0	1	0	0	3	0	0	0	2	0	0	1	0	0	1	0	0	0	1	0	0
struct_ops_maybe_null	struct_ops/test_maybe_null:test_maybe_null	8	8	8	8	1	1	0	0	0	1	0	0	2	1	2	1	0	0	0	0	0	0	1	0	0	0	1	0	0	2	1	2	1	0	0	0	0	0	0	1	0	0
struct_ops_module	?struct_ops/test_3:test_3	8	8	8	8	1	1	0	0	0	2	0	0	2	1	2	0	0	0	0	0	0	0	1	0	0	0	2	0	0	2	1	2	0	0	0	0	0	0	0	1	0	0
struct_ops_module	struct_ops/test_1:test_1	6	5	6	5	1	1	0	0	0	2	0	0	0	1	2	0	0	0	0	0	0	0	1	0	0	0	1	0	0	0	1	2	0	0	0	0	0	0	0	1	0	0
struct_ops_module	struct_ops/test_2:test_2	7	7	7	7	1	1	0	0	0	1	0	0	2	1	2	0	0	0	0	0	0	0	1	0	0	0	1	0	0	2	1	2	0	0	0	0	0	0	0	1	0	0
struct_ops_module	struct_ops/test_2:test_2_v2	7	7	7	7	1	1	0	0	0	1	0	0	2	1	2	0	0	0	0	0	0	0	1	0	0	0	1	0	0	2	1	2	0	0	0	0	0	0	0	1	0	0
struct_ops_module	struct_ops/test_3:zeroed_op	2	2	2	2	1	1	0	0	0	1	0	0	0	0	0	0	0	0	0	0	0	0	1	0	0	0	1	0	0	0	0	0	0	0	0	0	0	0	0	1	0	0
struct_ops_multi_pages	struct_ops/tramp_1:tramp_1	2	2	2	2	1	1	0	0	0	0	0	0	1	0	0	0	0	0	0	0	0	0	1	0	0	0	0	0	0	1	0	0	0	0	0	0	0	0	0	1	0	0
struct_ops_multi_pages	struct_ops/tramp_10:tramp_10	2	2	2	2	1	1	0	0	0	0	0	0	1	0	0	0	0	0	0	0	0	0	1	0	0	0	0	0	0	1	0	0	0	0	0	0	0	0	0	1	0	0
struct_ops_multi_pages	struct_ops/tramp_11:tramp_11	2	2	2	2	1	1	0	0	0	0	0	0	1	0	0	0	0	0	0	0	0	0	1	0	0	0	0	0	0	1	0	0	0	0	0	0	0	0	0	1	0	0
struct_ops_multi_pages	struct_ops/tramp_12:tramp_12	2	2	2	2	1	1	0	0	0	0	0	0	1	0	0	0	0	0	0	0	0	0	1	0	0	0	0	0	0	1	0	0	0	0	0	0	0	0	0	1	0	0
struct_ops_multi_pages	struct_ops/tramp_13:tramp_13	2	2	2	2	1	1	0	0	0	0	0	0	1	0	0	0	0	0	0	0	0	0	1	0	0	0	0	0	0	1	0	0	0	0	0	0	0	0	0	1	0	0
struct_ops_multi_pages	struct_ops/tramp_14:tramp_14	2	2	2	2	1	1	0	0	0	0	0	0	1	0	0	0	0	0	0	0	0	0	1	0	0	0	0	0	0	1	0	0	0	0	0	0	0	0	0	1	0	0
struct_ops_multi_pages	struct_ops/tramp_15:tramp_15	2	2	2	2	1	1	0	0	0	0	0	0	1	0	0	0	0	0	0	0	0	0	1	0	0	0	0	0	0	1	0	0	0	0	0	0	0	0	0	1	0	0
struct_ops_multi_pages	struct_ops/tramp_16:tramp_16	2	2	2	2	1	1	0	0	0	0	0	0	1	0	0	0	0	0	0	0	0	0	1	0	0	0	0	0	0	1	0	0	0	0	0	0	0	0	0	1	0	0
struct_ops_multi_pages	struct_ops/tramp_17:tramp_17	2	2	2	2	1	1	0	0	0	0	0	0	1	0	0	0	0	0	0	0	0	0	1	0	0	0	0	0	0	1	0	0	0	0	0	0	0	0	0	1	0	0
struct_ops_multi_pages	struct_ops/tramp_18:tramp_18	2	2	2	2	1	1	0	0	0	0	0	0	1	0	0	0	0	0	0	0	0	0	1	0	0	0	0	0	0	1	0	0	0	0	0	0	0	0	0	1	0	0
struct_ops_multi_pages	struct_ops/tramp_19:tramp_19	2	2	2	2	1	1	0	0	0	0	0	0	1	0	0	0	0	0	0	0	0	0	1	0	0	0	0	0	0	1	0	0	0	0	0	0	0	0	0	1	0	0
struct_ops_multi_pages	struct_ops/tramp_2:tramp_2	2	2	2	2	1	1	0	0	0	0	0	0	1	0	0	0	0	0	0	0	0	0	1	0	0	0	0	0	0	1	0	0	0	0	0	0	0	0	0	1	0	0
struct_ops_multi_pages	struct_ops/tramp_20:tramp_20	2	2	2	2	1	1	0	0	0	0	0	0	1	0	0	0	0	0	0	0	0	0	1	0	0	0	0	0	0	1	0	0	0	0	0	0	0	0	0	1	0	0
struct_ops_multi_pages	struct_ops/tramp_21:tramp_21	2	2	2	2	1	1	0	0	0	0	0	0	1	0	0	0	0	0	0	0	0	0	1	0	0	0	0	0	0	1	0	0	0	0	0	0	0	0	0	1	0	0
struct_ops_multi_pages	struct_ops/tramp_22:tramp_22	2	2	2	2	1	1	0	0	0	0	0	0	1	0	0	0	0	0	0	0	0	0	1	0	0	0	0	0	0	1	0	0	0	0	0	0	0	0	0	1	0	0
struct_ops_multi_pages	struct_ops/tramp_23:tramp_23	2	2	2	2	1	1	0	0	0	0	0	0	1	0	0	0	0	0	0	0	0	0	1	0	0	0	0	0	0	1	0	0	0	0	0	0	0	0	0	1	0	0
struct_ops_multi_pages	struct_ops/tramp_24:tramp_24	2	2	2	2	1	1	0	0	0	0	0	0	1	0	0	0	0	0	0	0	0	0	1	0	0	0	0	0	0	1	0	0	0	0	0	0	0	0	0	1	0	0
struct_ops_multi_pages	struct_ops/tramp_25:tramp_25	2	2	2	2	1	1	0	0	0	0	0	0	1	0	0	0	0	0	0	0	0	0	1	0	0	0	0	0	0	1	0	0	0	0	0	0	0	0	0	1	0	0
struct_ops_multi_pages	struct_ops/tramp_26:tramp_26	2	2	2	2	1	1	0	0	0	0	0	0	1	0	0	0	0	0	0	0	0	0	1	0	0	0	0	0	0	1	0	0	0	0	0	0	0	0	0	1	0	0
struct_ops_multi_pages	struct_ops/tramp_27:tramp_27	2	2	2	2	1	1	0	0	0	0	0	0	1	0	0	0	0	0	0	0	0	0	1	0	0	0	0	0	0	1	0	0	0	0	0	0	0	0	0	1	0	0
struct_ops_multi_pages	struct_ops/tramp_28:tramp_28	2	2	2	2	1	1	0	0	0	0	0	0	1	0	0	0	0	0	0	0	0	0	1	0	0	0	0	0	0	1	0	0	0	0	0	0	0	0	0	1	0	0
struct_ops_multi_pages	struct_ops/tramp_29:tramp_29	2	2	2	2	1	1	0	0	0	0	0	0	1	0	0	0	0	0	0	0	0	0	1	0	0	0	0	0	0	1	0	0	0	0	0	0	0	0	0	1	0	0
struct_ops_multi_pages	struct_ops/tramp_3:tramp_3	2	2	2	2	1	1	0	0	0	0	0	0	1	0	0	0	0	0	0	0	0	0	1	0	0	0	0	0	0	1	0	0	0	0	0	0	0	0	0	1	0	0
struct_ops_multi_pages	struct_ops/tramp_30:tramp_30	2	2	2	2	1	1	0	0	0	0	0	0	1	0	0	0	0	0	0	0	0	0	1	0	0	0	0	0	0	1	0	0	0	0	0	0	0	0	0	1	0	0
struct_ops_multi_pages	struct_ops/tramp_31:tramp_31	2	2	2	2	1	1	0	0	0	0	0	0	1	0	0	0	0	0	0	0	0	0	1	0	0	0	0	0	0	1	0	0	0	0	0	0	0	0	0	1	0	0
struct_ops_multi_pages	struct_ops/tramp_32:tramp_32	2	2	2	2	1	1	0	0	0	0	0	0	1	0	0	0	0	0	0	0	0	0	1	0	0	0	0	0	0	1	0	0	0	0	0	0	0	0	0	1	0	0
struct_ops_multi_pages	struct_ops/tramp_33:tramp_33	2	2	2	2	1	1	0	0	0	0	0	0	1	0	0	0	0	0	0	0	0	0	1	0	0	0	0	0	0	1	0	0	0	0	0	0	0	0	0	1	0	0
struct_ops_multi_pages	struct_ops/tramp_34:tramp_34	2	2	2	2	1	1	0	0	0	0	0	0	1	0	0	0	0	0	0	0	0	0	1	0	0	0	0	0	0	1	0	0	0	0	0	0	0	0	0	1	0	0
struct_ops_multi_pages	struct_ops/tramp_35:tramp_35	2	2	2	2	1	1	0	0	0	0	0	0	1	0	0	0	0	0	0	0	0	0	1	0	0	0	0	0	0	1	0	0	0	0	0	0	0	0	0	1	0	0
struct_ops_multi_pages	struct_ops/tramp_36:tramp_36	2	2	2	2	1	1	0	0	0	0	0	0	1	0	0	0	0	0	0	0	0	0	1	0	0	0	0	0	0	1	0	0	0	0	0	0	0	0	0	1	0	0
struct_ops_multi_pages	struct_ops/tramp_37:tramp_37	2	2	2	2	1	1	0	0	0	0	0	0	1	0	0	0	0	0	0	0	0	0	1	0	0	0	0	0	0	1	0	0	0	0	0	0	0	0	0	1	0	0
struct_ops_multi_pages	struct_ops/tramp_38:tramp_38	2	2	2	2	1	1	0	0	0	0	0	0	1	0	0	0	0	0	0	0	0	0	1	0	0	0	0	0	0	1	0	0	0	0	0	0	0	0	0	1	0	0
struct_ops_multi_pages	struct_ops/tramp_39:tramp_39	2	2	2	2	1	1	0	0	0	0	0	0	1	0	0	0	0	0	0	0	0	0	1	0	0	0	0	0	0	1	0	0	0	0	0	0	0	0	0	1	0	0
struct_ops_multi_pages	struct_ops/tramp_4:tramp_4	2	2	2	2	1	1	0	0	0	0	0	0	1	0	0	0	0	0	0	0	0	0	1	0	0	0	0	0	0	1	0	0	0	0	0	0	0	0	0	1	0	0
struct_ops_multi_pages	struct_ops/tramp_40:tramp_40	2	2	2	2	1	1	0	0	0	0	0	0	1	0	0	0	0	0	0	0	0	0	1	0	0	0	0	0	0	1	0	0	0	0	0	0	0	0	0	1	0	0
struct_ops_multi_pages	struct_ops/tramp_5:tramp_5	2	2	2	2	1	1	0	0	0	0	0	0	1	0	0	0	0	0	0	0	0	0	1	0	0	0	0	0	0	1	0	0	0	0	0	0	0	0	0	1	0	0
struct_ops_multi_pages	struct_ops/tramp_6:tramp_6	2	2	2	2	1	1	0	0	0	0	0	0	1	0	0	0	0	0	0	0	0	0	1	0	0	0	0	0	0	1	0	0	0	0	0	0	0	0	0	1	0	0
struct_ops_multi_pages	struct_ops/tramp_7:tramp_7	2	2	2	2	1	1	0	0	0	0	0	0	1	0	0	0	0	0	0	0	0	0	1	0	0	0	0	0	0	1	0	0	0	0	0	0	0	0	0	1	0	0
struct_ops_multi_pages	struct_ops/tramp_8:tramp_8	2	2	2	2	1	1	0	0	0	0	0	0	1	0	0	0	0	0	0	0	0	0	1	0	0	0	0	0	0	1	0	0	0	0	0	0	0	0	0	1	0	0
struct_ops_multi_pages	struct_ops/tramp_9:tramp_9	2	2	2	2	1	1	0	0	0	0	0	0	1	0	0	0	0	0	0	0	0	0	1	0	0	0	0	0	0	1	0	0	0	0	0	0	0	0	0	1	0	0
struct_ops_nulled_out_cb	struct_ops/test_1:test_1_turn_off	11	9	11	9	1	1	0	0	4	0	0	0	2	0	4	0	0	0	0	0	0	0	1	0	0	2	0	0	0	2	0	4	0	0	0	0	0	0	0	1	0	0
struct_ops_private_stack	struct_ops:test_1	102	17	62	8	3	3	400	0	6	5	0	77	3	1	4	0	0	0	3	0	0	0	3	0	0	0	5	0	0	1	1	4	0	0	0	3	0	0	0	3	0	0
struct_ops_private_stack	struct_ops:test_2	76	16	36	7	3	3	200	0	6	5	0	52	3	1	4	0	0	0	2	0	0	0	3	0	0	0	5	0	0	1	1	4	0	0	0	2	0	0	0	3	0	0
struct_ops_private_stack_fail	struct_ops:test_1	66	63	26	24	3	3	200	200	6	6	0	40	3	1	4	0	0	0	3	0	0	0	3	0	0	6	4	0	38	2	3	4	0	0	0	3	0	0	0	3	0	0
struct_ops_private_stack_fail	struct_ops:test_2	101	99	61	60	3	3	400	400	6	5	0	77	3	1	4	0	0	0	2	0	0	0	3	0	0	6	4	0	75	2	3	4	0	0	0	2	0	0	0	3	0	0
struct_ops_private_stack_recur	struct_ops:test_1	83	80	18	16	3	3	400	400	6	7	0	55	4	1	4	0	0	0	3	0	0	0	3	0	0	6	5	0	53	3	3	4	0	0	0	3	0	0	0	3	0	0
struct_ops_refcounted	struct_ops/test_refcounted:refcounted	9	4	9	4	1	1	0	0	1	1	0	0	2	0	0	1	1	0	2	0	0	0	1	0	0	0	1	0	0	1	0	0	0	0	0	1	0	0	0	1	0	0
summarization_freplace	?freplace:changes_pkt_data	3	3	3	3	1	1	0	0	0	1	0	0	0	0	0	0	0	1	0	0	0	0	1	0	0	0	1	0	0	0	0	0	0	0	1	0	0	0	0	1	0	0
summarization_freplace	?freplace:does_not_change_pkt_data	2	2	2	2	1	1	0	0	1	0	0	0	0	0	0	0	0	0	0	0	0	0	1	0	0	0	1	0	0	0	0	0	0	0	0	0	0	0	0	1	0	0
summarization_freplace	?freplace:does_not_sleep	2	2	2	2	1	1	0	0	1	0	0	0	0	0	0	0	0	0	0	0	0	0	1	0	0	0	1	0	0	0	0	0	0	0	0	0	0	0	0	1	0	0
summarization_freplace	?freplace:might_sleep	9	8	9	8	1	1	4	4	5	1	1	0	0	0	0	0	0	1	0	0	0	0	1	0	0	3	1	1	1	0	0	0	0	0	1	0	0	0	0	1	0	0
tailcall1	tc:classifier_0	2	2	2	2	1	1	0	0	0	1	0	0	0	0	0	0	0	0	0	0	0	0	1	0	0	0	1	0	0	0	0	0	0	0	0	0	0	0	0	1	0	0
tailcall1	tc:classifier_1	2	2	2	2	1	1	0	0	0	1	0	0	0	0	0	0	0	0	0	0	0	0	1	0	0	0	1	0	0	0	0	0	0	0	0	0	0	0	0	1	0	0
tailcall1	tc:classifier_2	2	2	2	2	1	1	0	0	0	1	0	0	0	0	0	0	0	0	0	0	0	0	1	0	0	0	1	0	0	0	0	0	0	0	0	0	0	0	0	1	0	0
tailcall1	tc:entry	53	62	53	62	1	1	0	0	37	1	0	0	0	0	2	0	0	12	0	0	0	0	1	0	0	12	13	0	0	0	0	24	0	0	12	0	0	0	0	1	0	0
tailcall2	tc:classifier_0	9	6	9	6	1	1	0	0	4	1	0	0	0	0	2	0	0	1	0	0	0	0	1	0	0	0	2	0	0	0	0	2	0	0	1	0	0	0	0	1	0	0
tailcall2	tc:classifier_1	9	6	9	6	1	1	0	0	4	1	0	0	0	0	2	0	0	1	0	0	0	0	1	0	0	0	2	0	0	0	0	2	0	0	1	0	0	0	0	1	0	0
tailcall2	tc:classifier_2	2	2	2	2	1	1	0	0	0	1	0	0	0	0	0	0	0	0	0	0	0	0	1	0	0	0	1	0	0	0	0	0	0	0	0	0	0	0	0	1	0	0
tailcall2	tc:classifier_3	9	6	9	6	1	1	0	0	4	1	0	0	0	0	2	0	0	1	0	0	0	0	1	0	0	0	2	0	0	0	0	2	0	0	1	0	0	0	0	1	0	0
tailcall2	tc:classifier_4	9	6	9	6	1	1	0	0	4	1	0	0	0	0	2	0	0	1	0	0	0	0	1	0	0	0	2	0	0	0	0	2	0	0	1	0	0	0	0	1	0	0
tailcall2	tc:entry	17	17	17	17	1	1	0	0	10	1	0	0	0	0	2	0	0	3	0	0	0	0	1	0	0	3	4	0	0	0	0	6	0	0	3	0	0	0	0	1	0	0
tailcall3	tc:classifier_0	14	11	14	11	1	1	0	0	4	2	0	0	1	1	4	0	0	1	0	0	0	0	1	0	0	0	3	0	0	1	1	4	0	0	1	0	0	0	0	1	0	0
tailcall3	tc:entry	13	12	13	12	1	1	0	0	7	1	0	0	0	0	2	0	0	2	0	0	0	0	1	0	0	2	3	0	0	0	0	4	0	0	2	0	0	0	0	1	0	0
tailcall4	tc:classifier_0	2	2	2	2	1	1	0	0	0	1	0	0	0	0	0	0	0	0	0	0	0	0	1	0	0	0	1	0	0	0	0	0	0	0	0	0	0	0	0	1	0	0
tailcall4	tc:classifier_1	2	2	2	2	1	1	0	0	0	1	0	0	0	0	0	0	0	0	0	0	0	0	1	0	0	0	1	0	0	0	0	0	0	0	0	0	0	0	0	1	0	0
tailcall4	tc:classifier_2	2	2	2	2	1	1	0	0	0	1	0	0	0	0	0	0	0	0	0	0	0	0	1	0	0	0	1	0	0	0	0	0	0	0	0	0	0	0	0	1	0	0
tailcall4	tc:entry	8	8	8	8	1	1	0	0	0	1	0	0	1	0	4	0	0	1	0	0	0	0	1	0	0	0	1	0	0	1	0	4	0	0	1	0	0	0	0	1	0	0
tailcall5	tc:classifier_0	2	2	2	2	1	1	0	0	0	1	0	0	0	0	0	0	0	0	0	0	0	0	1	0	0	0	1	0	0	0	0	0	0	0	0	0	0	0	0	1	0	0
tailcall5	tc:classifier_1	2	2	2	2	1	1	0	0	0	1	0	0	0	0	0	0	0	0	0	0	0	0	1	0	0	0	1	0	0	0	0	0	0	0	0	0	0	0	0	1	0	0
tailcall5	tc:classifier_2	2	2	2	2	1	1	0	0	0	1	0	0	0	0	0	0	0	0	0	0	0	0	1	0	0	0	1	0	0	0	0	0	0	0	0	0	0	0	0	1	0	0
tailcall5	tc:entry	14	14	14	14	1	1	0	0	0	5	0	0	1	0	4	2	0	1	0	0	0	0	1	0	0	0	5	0	0	1	0	4	2	0	1	0	0	0	0	1	0	0
tailcall6	tc:classifier_0	13	13	13	13	1	1	0	0	0	2	0	0	2	1	6	0	0	1	0	0	0	0	1	0	0	0	2	0	0	2	1	6	0	0	1	0	0	0	0	1	0	0
tailcall6	tc:entry	8	8	8	8	1	1	0	0	0	1	0	0	1	0	4	0	0	1	0	0	0	0	1	0	0	0	1	0	0	1	0	4	0	0	1	0	0	0	0	1	0	0
tailcall_bpf2bpf1	tc:classifier_0	2	2	2	2	1	1	0	0	0	1	0	0	0	0	0	0	0	0	0	0	0	0	1	0	0	0	1	0	0	0	0	0	0	0	0	0	0	0	0	1	0	0
tailcall_bpf2bpf1	tc:classifier_1	2	2	2	2	1	1	0	0	0	1	0	0	0	0	0	0	0	0	0	0	0	0	1	0	0	0	1	0	0	0	0	0	0	0	0	0	0	0	0	1	0	0
tailcall_bpf2bpf1	tc:entry	20	16	10	8	2	2	0	0	9	1	0	0	1	0	4	0	0	2	1	0	0	0	2	0	0	3	3	0	0	1	0	4	0	0	2	1	0	0	0	2	0	0
tailcall_bpf2bpf4	tc:classifier_0	12	10	2	2	2	2	0	0	4	1	0	0	1	0	2	0	0	1	1	0	0	0	2	0	0	1	2	0	0	1	0	2	0	0	1	1	0	0	0	2	0	0
tailcall_bpf2bpf4	tc:classifier_1	23	21	2	2	2	2	4	4	6	2	0	1	2	0	6	1	0	2	1	0	0	0	2	0	0	4	2	0	1	2	0	6	1	0	2	1	0	0	0	2	0	0
tailcall_bpf2bpf4	tc:classifier_2	28	26	7	7	2	2	4	4	6	3	0	1	3	1	8	1	0	2	1	0	0	0	2	0	0	4	3	0	1	3	1	8	1	0	2	1	0	0	0	2	0	0
tailcall_bpf2bpf4	tc:entry	11	9	2	2	2	2	0	0	4	0	0	0	1	0	2	0	0	1	1	0	0	0	2	0	0	1	1	0	0	1	0	2	0	0	1	1	0	0	0	2	0	0
tailcall_bpf2bpf6	tc:classifier_0	6	5	6	5	1	1	0	0	0	2	0	0	0	1	2	0	0	0	0	0	0	0	1	0	0	0	1	0	0	0	1	2	0	0	0	0	0	0	0	1	0	0
tailcall_bpf2bpf6	tc:entry	17	13	6	6	2	2	4	4	4	2	2	3	0	0	2	0	0	1	1	0	0	0	2	0	0	3	1	1	2	0	0	2	0	0	1	1	0	0	0	2	0	0
tailcall_bpf2bpf_fentry	fentry/subprog_tail:fentry	7	7	7	7	1	1	0	0	0	2	0	0	1	1	2	0	0	0	0	0	0	0	1	0	0	0	2	0	0	1	1	2	0	0	0	0	0	0	0	1	0	0
tailcall_bpf2bpf_fexit	fexit/subprog_tail:fexit	7	7	7	7	1	1	0	0	0	2	0	0	1	1	2	0	0	0	0	0	0	0	1	0	0	0	2	0	0	1	1	2	0	0	0	0	0	0	0	1	0	0
tailcall_bpf2bpf_hierarchy1	tc:entry	40	54	31	47	2	2	24	18	14	6	1	5	1	1	6	0	0	2	2	0	0	0	2	0	0	12	6	1	11	11	1	6	0	0	2	2	0	0	0	2	0	0
tailcall_bpf2bpf_hierarchy2	tc:classifier_0	17	15	8	8	2	2	0	0	5	2	0	0	1	1	4	0	0	1	1	0	0	0	2	0	0	2	3	0	0	1	1	4	0	0	1	1	0	0	0	2	0	0
tailcall_bpf2bpf_hierarchy2	tc:classifier_1	19	16	10	9	2	2	4	0	5	3	0	1	1	1	4	0	0	1	1	0	0	0	2	0	0	2	4	0	0	1	1	4	0	0	1	1	0	0	0	2	0	0
tailcall_bpf2bpf_hierarchy2	tc:tailcall_bpf2bpf_hierarchy_2	55	63	37	49	3	3	28	18	20	7	1	7	2	0	10	0	0	3	2	0	0	0	3	0	0	14	7	1	11	12	0	10	0	0	3	2	0	0	0	3	0	0
tailcall_bpf2bpf_hierarchy3	tc:classifier_0	30	26	22	12	2	3	8	0	9	4	0	3	2	1	6	0	0	1	2	0	0	0	2	0	0	7	3	0	0	2	1	6	0	0	2	2	0	0	0	3	0	0
tailcall_bpf2bpf_hierarchy3	tc:tailcall_bpf2bpf_hierarchy_3	25	42	25	42	1	1	28	18	11	3	1	3	0	0	4	0	0	2	0	0	0	0	1	0	0	11	2	1	11	10	0	4	0	0	2	0	0	0	0	1	0	0
tailcall_bpf2bpf_hierarchy_fentry	fentry/dummy:fentry	40	57	31	16	2	3	24	18	14	6	1	5	1	1	6	0	0	2	2	0	0	0	2	0	0	13	6	1	11	11	1	6	0	0	2	3	0	0	0	3	0	0
tailcall_cgrp_storage	cgroup_skb/egress:callee_prog	9	8	9	8	1	1	0	0	2	1	0	0	0	1	2	1	0	1	0	0	0	0	1	0	0	1	1	0	0	0	1	2	1	0	1	0	0	0	0	1	0	0
tailcall_cgrp_storage	cgroup_skb/egress:caller_prog	15	14	15	14	1	1	0	0	4	2	0	0	0	1	4	1	0	2	0	0	0	0	1	0	0	3	2	0	0	0	1	4	1	0	2	0	0	0	0	1	0	0
tailcall_cgrp_storage_no_storage	cgroup_skb/egress:caller_prog	6	6	6	6	1	1	0	0	0	2	0	0	0	0	2	0	0	1	0	0	0	0	1	0	0	0	2	0	0	0	0	2	0	0	1	0	0	0	0	1	0	0
tailcall_cgrp_storage_no_storage	cgroup_skb/egress:leaf_prog	2	2	2	2	1	1	0	0	0	1	0	0	0	0	0	0	0	0	0	0	0	0	1	0	0	0	1	0	0	0	0	0	0	0	0	0	0	0	0	1	0	0
tailcall_cgrp_storage_owner	cgroup_skb/egress:prog_array_owner	15	14	15	14	1	1	0	0	4	2	0	0	0	1	4	1	0	2	0	0	0	0	1	0	0	3	2	0	0	0	1	4	1	0	2	0	0	0	0	1	0	0
tailcall_freplace	freplace:entry_freplace	14	11	14	11	1	1	0	0	4	1	0	0	2	1	4	0	0	1	0	0	0	0	1	0	0	0	2	0	0	2	1	4	0	0	1	0	0	0	0	1	0	0
tailcall_poke	?fentry/bpf_fentry_test1:test	9	6	9	6	1	1	0	0	4	1	0	0	0	0	2	0	0	1	0	0	0	0	1	0	0	0	2	0	0	0	0	2	0	0	1	0	0	0	0	1	0	0
tailcall_poke	fentry/bpf_fentry_test1:call1	2	2	2	2	1	1	0	0	0	1	0	0	0	0	0	0	0	0	0	0	0	0	1	0	0	0	1	0	0	0	0	0	0	0	0	0	0	0	0	1	0	0
tailcall_poke	fentry/bpf_fentry_test1:call2	2	2	2	2	1	1	0	0	0	1	0	0	0	0	0	0	0	0	0	0	0	0	1	0	0	0	1	0	0	0	0	0	0	0	0	0	0	0	0	1	0	0
tailcall_sleepable	?uprobe:uprobe_normal	9	6	9	6	1	1	0	0	4	1	0	0	0	0	2	0	0	1	0	0	0	0	1	0	0	0	2	0	0	0	0	2	0	0	1	0	0	0	0	1	0	0
tailcall_sleepable	?uprobe.s:uprobe_sleepable_1	9	6	9	6	1	1	0	0	4	1	0	0	0	0	2	0	0	1	0	0	0	0	1	0	0	0	2	0	0	0	0	2	0	0	1	0	0	0	0	1	0	0
tailcall_sleepable	?uprobe.s:uprobe_sleepable_2	13	13	13	13	1	1	0	0	1	2	0	0	2	1	4	1	0	1	0	0	0	0	1	0	0	1	2	0	0	2	1	4	1	0	1	0	0	0	0	1	0	0
task_local_storage	fexit/bpf_local_storage_update:fexit_update	13	14	13	14	1	1	0	0	0	1	0	0	3	1	4	2	0	1	0	0	0	0	1	0	0	1	1	0	0	3	1	4	2	0	1	0	0	0	0	1	0	0
task_local_storage	tp_btf/sys_enter:on_enter	22	22	22	22	1	1	0	0	3	3	0	0	3	1	6	2	0	2	0	0	1	0	1	0	0	3	3	0	0	3	1	6	2	0	2	0	0	1	0	1	0	0
task_local_storage	tp_btf/sys_exit:on_exit	27	28	27	28	1	1	0	0	3	4	0	0	4	0	8	3	0	2	0	0	2	0	1	0	0	3	4	0	0	4	0	8	3	1	2	0	0	2	0	1	0	0
task_local_storage_exit_creds	fentry/exit_creds:trace_exit_creds	19	19	19	19	1	1	0	0	2	3	0	0	1	0	8	1	0	1	0	0	2	0	1	0	0	2	3	0	0	1	0	8	1	0	1	0	0	2	0	1	0	0
task_ls_recursion	fentry/bpf_local_storage_update:on_update	40	41	40	41	1	1	0	0	10	2	0	0	5	3	10	5	0	4	0	0	0	0	1	0	0	10	2	0	0	5	3	10	5	1	4	0	0	0	0	1	0	0
task_ls_recursion	tp_btf/sys_enter:on_enter	32	31	32	31	1	1	0	0	9	1	0	0	4	2	6	6	0	3	0	0	0	0	1	0	0	7	1	0	0	4	2	6	6	1	3	0	0	0	0	1	0	0
tc_bpf2bpf	tc:entry_tc	14	11	2	2	2	2	12	0	2	2	2	4	0	0	0	0	0	1	1	0	0	0	2	0	0	5	2	0	0	0	0	0	0	0	1	1	0	0	0	2	0	0
tc_dummy	tc:entry	2	2	2	2	1	1	0	0	0	1	0	0	0	0	0	0	0	0	0	0	0	0	1	0	0	0	1	0	0	0	0	0	0	0	0	0	0	0	0	1	0	0
tcp_ca_incompl_cong_ops	struct_ops:incompl_cong_ops_ssthresh	3	3	3	3	1	1	0	0	0	0	0	0	2	0	0	0	0	0	0	0	0	0	1	0	0	0	0	0	0	2	0	0	0	0	0	0	0	0	0	1	0	0
tcp_ca_incompl_cong_ops	struct_ops:incompl_cong_ops_undo_cwnd	3	3	3	3	1	1	0	0	0	0	0	0	2	0	0	0	0	0	0	0	0	0	1	0	0	0	0	0	0	2	0	0	0	0	0	0	0	0	0	1	0	0
tcp_ca_kfunc	struct_ops:cong_avoid	6	6	6	6	1	1	0	0	1	0	0	0	3	0	0	0	0	0	1	0	0	0	1	0	0	1	0	0	0	3	0	0	0	0	0	1	0	0	0	1	0	0
tcp_ca_kfunc	struct_ops:cong_control	7	7	7	7	1	1	0	0	1	0	0	0	4	0	0	0	0	0	1	0	0	0	1	0	0	1	0	0	0	4	0	0	0	0	0	1	0	0	0	1	0	0
tcp_ca_kfunc	struct_ops:cwnd_event	5	5	5	5	1	1	0	0	1	0	0	0	2	0	0	0	0	0	1	0	0	0	1	0	0	1	0	0	0	2	0	0	0	0	0	1	0	0	0	1	0	0
tcp_ca_kfunc	struct_ops:cwnd_event_tx_start	8	8	8	8	1	1	0	0	3	0	0	0	1	0	0	0	0	0	3	0	0	0	1	0	0	3	0	0	0	1	0	0	0	0	0	3	0	0	0	1	0	0
tcp_ca_kfunc	struct_ops:in_ack_event	5	5	5	5	1	1	0	0	1	0	0	0	2	0	0	0	0	0	1	0	0	0	1	0	0	1	0	0	0	2	0	0	0	0	0	1	0	0	0	1	0	0
tcp_ca_kfunc	struct_ops:init	8	8	8	8	1	1	0	0	3	0	0	0	1	0	0	0	0	0	3	0	0	0	1	0	0	3	0	0	0	1	0	0	0	0	0	3	0	0	0	1	0	0
tcp_ca_kfunc	struct_ops:min_tso_segs	3	3	3	3	1	1	0	0	0	0	0	0	1	0	0	0	0	0	1	0	0	0	1	0	0	0	0	0	0	1	0	0	0	0	0	1	0	0	0	1	0	0
tcp_ca_kfunc	struct_ops:pkts_acked	4	4	4	4	1	1	0	0	0	0	0	0	2	0	0	0	0	0	1	0	0	0	1	0	0	0	0	0	0	2	0	0	0	0	0	1	0	0	0	1	0	0
tcp_ca_kfunc	struct_ops:set_state	13	13	13	13	1	1	0	0	3	4	0	0	2	0	0	0	0	0	3	0	0	0	1	0	0	3	4	0	0	2	0	0	0	0	0	3	0	0	0	1	0	0
tcp_ca_kfunc	struct_ops:sndbuf_expand	3	3	3	3	1	1	0	0	0	0	0	0	1	0	0	0	0	0	1	0	0	0	1	0	0	0	0	0	0	1	0	0	0	0	0	1	0	0	0	1	0	0
tcp_ca_kfunc	struct_ops:ssthresh	8	8	8	8	1	1	0	0	3	0	0	0	1	0	0	0	0	0	3	0	0	0	1	0	0	3	0	0	0	1	0	0	0	0	0	3	0	0	0	1	0	0
tcp_ca_kfunc	struct_ops:undo_cwnd	6	6	6	6	1	1	0	0	2	0	0	0	1	0	0	0	0	0	2	0	0	0	1	0	0	2	0	0	0	1	0	0	0	0	0	2	0	0	0	1	0	0
tcp_ca_unsupp_cong_op	struct_ops:unsupp_cong_op_get_info	2	2	2	2	1	1	0	0	1	0	0	0	0	0	0	0	0	0	0	0	0	0	1	0	0	1	0	0	0	0	0	0	0	0	0	0	0	0	0	1	0	0
tcp_ca_update	struct_ops:ca_update_1_init	6	6	6	6	1	1	0	0	0	1	0	0	1	1	2	0	0	0	0	0	0	0	1	0	0	0	1	0	0	1	1	2	0	0	0	0	0	0	0	1	0	0
tcp_ca_update	struct_ops:ca_update_2_init	6	6	6	6	1	1	0	0	0	1	0	0	1	1	2	0	0	0	0	0	0	0	1	0	0	0	1	0	0	1	1	2	0	0	0	0	0	0	0	1	0	0
tcp_ca_update	struct_ops:ca_update_cong_control	1	1	1	1	1	1	0	0	0	0	0	0	0	0	0	0	0	0	0	0	0	0	1	0	0	0	0	0	0	0	0	0	0	0	0	0	0	0	0	1	0	0
tcp_ca_update	struct_ops:ca_update_ssthresh	3	3	3	3	1	1	0	0	0	0	0	0	2	0	0	0	0	0	0	0	0	0	1	0	0	0	0	0	0	2	0	0	0	0	0	0	0	0	0	1	0	0
tcp_ca_update	struct_ops:ca_update_undo_cwnd	3	3	3	3	1	1	0	0	0	0	0	0	2	0	0	0	0	0	0	0	0	0	1	0	0	0	0	0	0	2	0	0	0	0	0	0	0	0	0	1	0	0
tcp_ca_write_sk_pacing	struct_ops:write_sk_pacing_cong_control	27	27	27	27	1	1	0	0	2	8	0	0	11	2	0	3	0	0	0	0	0	0	1	0	0	5	6	0	0	10	2	0	3	0	0	0	0	0	0	1	0	0
tcp_ca_write_sk_pacing	struct_ops:write_sk_pacing_init	7	7	7	7	1	1	0	0	2	2	0	0	1	0	0	0	0	0	0	0	1	0	1	0	0	2	2	0	0	1	0	0	0	0	0	0	0	1	0	1	0	0
tcp_ca_write_sk_pacing	struct_ops:write_sk_pacing_ssthresh	3	3	3	3	1	1	0	0	0	0	0	0	2	0	0	0	0	0	0	0	0	0	1	0	0	0	0	0	0	2	0	0	0	0	0	0	0	0	0	1	0	0
tcp_ca_write_sk_pacing	struct_ops:write_sk_pacing_undo_cwnd	3	3	3	3	1	1	0	0	0	0	0	0	2	0	0	0	0	0	0	0	0	0	1	0	0	0	0	0	0	2	0	0	0	0	0	0	0	0	0	1	0	0
tcp_rtt	sockops:_sockops	39	40	39	40	1	1	0	0	8	3	0	0	9	7	2	5	1	3	0	0	0	0	1	0	0	8	3	0	0	9	7	2	5	2	3	0	0	0	0	1	0	0
test_assign_reuse	sk_reuseport:reuse_accept	122	137	122	137	1	1	0	0	29	28	0	0	39	2	10	10	2	1	0	0	0	0	1	0	0	5	2	0	0	61	2	32	32	1	1	0	0	0	0	1	0	0
test_assign_reuse	sk_reuseport:reuse_drop	11	10	11	10	1	1	0	0	2	1	0	0	1	2	4	0	0	0	0	0	0	0	1	0	0	1	1	0	0	1	2	4	0	0	0	0	0	0	0	1	0	0
test_assign_reuse	tc:tc_main	212	287	212	287	1	1	4	4	66	30	0	4	34	8	24	26	3	12	0	0	0	4	1	0	0	46	26	0	4	79	56	24	26	9	12	0	0	0	4	1	0	0
test_attach_kprobe_sleepable	kprobe/__x64_sys_nanosleep:handle_kprobe_sleepable	6	5	6	5	1	1	0	0	0	2	0	0	0	1	2	0	0	0	0	0	0	0	1	0	0	0	1	0	0	0	1	2	0	0	0	0	0	0	0	1	0	0
test_attach_probe_manual	kprobe:handle_kprobe	6	5	6	5	1	1	0	0	0	2	0	0	0	1	2	0	0	0	0	0	0	0	1	0	0	0	1	0	0	0	1	2	0	0	0	0	0	0	0	1	0	0
test_attach_probe_manual	kretprobe:handle_kretprobe	6	5	6	5	1	1	0	0	0	2	0	0	0	1	2	0	0	0	0	0	0	0	1	0	0	0	1	0	0	0	1	2	0	0	0	0	0	0	0	1	0	0
test_attach_probe_manual	uprobe:handle_uprobe	6	5	6	5	1	1	0	0	0	2	0	0	0	1	2	0	0	0	0	0	0	0	1	0	0	0	1	0	0	0	1	2	0	0	0	0	0	0	0	1	0	0
test_attach_probe_manual	uprobe:handle_uprobe_byname	6	5	6	5	1	1	0	0	0	2	0	0	0	1	2	0	0	0	0	0	0	0	1	0	0	0	1	0	0	0	1	2	0	0	0	0	0	0	0	1	0	0
test_attach_probe_manual	uretprobe:handle_uretprobe	6	5	6	5	1	1	0	0	0	2	0	0	0	1	2	0	0	0	0	0	0	0	1	0	0	0	1	0	0	0	1	2	0	0	0	0	0	0	0	1	0	0
test_autoattach	raw_tp/sys_enter:prog1	6	5	6	5	1	1	0	0	0	2	0	0	0	1	2	0	0	0	0	0	0	0	1	0	0	0	1	0	0	0	1	2	0	0	0	0	0	0	0	1	0	0
test_autoattach	raw_tp/sys_exit:prog2	6	5	6	5	1	1	0	0	0	2	0	0	0	1	2	0	0	0	0	0	0	0	1	0	0	0	1	0	0	0	1	2	0	0	0	0	0	0	0	1	0	0
test_bpf_cookie	fentry/bpf_fentry_test1:fentry_test1	15	15	15	15	1	1	0	0	3	1	0	0	2	1	4	1	0	2	0	0	0	0	1	0	0	3	1	0	0	2	1	4	1	0	2	0	0	0	0	1	0	0
test_bpf_cookie	fexit/bpf_fentry_test1:fexit_test1	15	15	15	15	1	1	0	0	3	1	0	0	2	1	4	1	0	2	0	0	0	0	1	0	0	3	1	0	0	2	1	4	1	0	2	0	0	0	0	1	0	0
test_bpf_cookie	fmod_ret/bpf_modify_return_test:fmod_ret_test	15	15	15	15	1	1	0	0	3	1	0	0	2	1	4	1	0	2	0	0	0	0	1	0	0	3	1	0	0	2	1	4	1	0	2	0	0	0	0	1	0	0
test_bpf_cookie	kprobe:handle_kprobe	15	15	15	15	1	1	0	0	3	1	0	0	2	1	4	1	0	2	0	0	0	0	1	0	0	3	1	0	0	2	1	4	1	0	2	0	0	0	0	1	0	0
test_bpf_cookie	kretprobe:handle_kretprobe	15	15	15	15	1	1	0	0	3	1	0	0	2	1	4	1	0	2	0	0	0	0	1	0	0	3	1	0	0	2	1	4	1	0	2	0	0	0	0	1	0	0
test_bpf_cookie	lsm/file_mprotect:test_int_hook	20	20	20	20	1	1	0	0	3	2	0	0	4	1	4	2	0	3	0	0	0	0	1	0	0	3	2	0	0	4	1	4	2	0	3	0	0	0	0	1	0	0
test_bpf_cookie	perf_event:handle_pe	15	15	15	15	1	1	0	0	3	1	0	0	2	1	4	1	0	2	0	0	0	0	1	0	0	3	1	0	0	2	1	4	1	0	2	0	0	0	0	1	0	0
test_bpf_cookie	raw_tp/sys_enter:handle_raw_tp	15	15	15	15	1	1	0	0	3	1	0	0	2	1	4	1	0	2	0	0	0	0	1	0	0	3	1	0	0	2	1	4	1	0	2	0	0	0	0	1	0	0
test_bpf_cookie	tp/syscalls/sys_enter_nanosleep:handle_tp1	15	15	15	15	1	1	0	0	3	1	0	0	2	1	4	1	0	2	0	0	0	0	1	0	0	3	1	0	0	2	1	4	1	0	2	0	0	0	0	1	0	0
test_bpf_cookie	tp/syscalls/sys_enter_nanosleep:handle_tp2	15	15	15	15	1	1	0	0	3	1	0	0	2	1	4	1	0	2	0	0	0	0	1	0	0	3	1	0	0	2	1	4	1	0	2	0	0	0	0	1	0	0
test_bpf_cookie	tp/syscalls/sys_enter_nanosleep:handle_tp3	15	15	15	15	1	1	0	0	3	1	0	0	2	1	4	1	0	2	0	0	0	0	1	0	0	3	1	0	0	2	1	4	1	0	2	0	0	0	0	1	0	0
test_bpf_cookie	tp_btf/sys_enter:handle_tp_btf	15	15	15	15	1	1	0	0	3	1	0	0	2	1	4	1	0	2	0	0	0	0	1	0	0	3	1	0	0	2	1	4	1	0	2	0	0	0	0	1	0	0
test_bpf_cookie	uprobe:handle_uprobe	15	15	15	15	1	1	0	0	3	1	0	0	2	1	4	1	0	2	0	0	0	0	1	0	0	3	1	0	0	2	1	4	1	0	2	0	0	0	0	1	0	0
test_bpf_cookie	uretprobe:handle_uretprobe	15	15	15	15	1	1	0	0	3	1	0	0	2	1	4	1	0	2	0	0	0	0	1	0	0	3	1	0	0	2	1	4	1	0	2	0	0	0	0	1	0	0
test_btf_decl_tag	fentry/bpf_fentry_test1:sub	18	18	4	4	2	2	24	20	6	1	0	4	1	0	2	0	0	1	1	0	0	0	2	0	0	5	1	0	5	1	0	2	0	0	1	1	0	0	0	2	0	0
test_btf_ext	xdp:global_func	6	9	3	3	2	2	8	8	2	0	0	1	0	0	0	0	0	0	1	0	0	0	2	0	0	4	0	0	1	1	0	0	0	0	0	1	0	0	0	2	0	0
test_btf_map_in_map	raw_tp/sys_enter:handle__sys_enter	57	57	57	57	1	1	8	16	24	6	0	4	3	0	10	3	0	6	0	0	0	0	1	0	0	24	6	0	4	3	0	10	3	0	6	0	0	0	0	1	0	0
test_btf_newkv	dummy_tracepoint:_dummy_tracepoint	19	18	3	3	3	3	4	4	2	5	0	1	1	1	2	1	0	1	2	0	0	0	3	0	0	2	4	0	1	1	1	2	1	0	1	2	0	0	0	3	0	0
test_btf_nokv	dummy_tracepoint:_dummy_tracepoint	19	18	3	3	3	3	4	4	2	5	0	1	1	1	2	1	0	1	2	0	0	0	3	0	0	2	4	0	1	1	1	2	1	0	1	2	0	0	0	3	0	0
test_cgroup1_hierarchy	fentry:fentry_run	2	2	2	2	1	1	0	0	0	1	0	0	0	0	0	0	0	0	0	0	0	0	1	0	0	0	1	0	0	0	0	0	0	0	0	0	0	0	0	1	0	0
test_cgroup1_hierarchy	lsm.s/bpf:lsm_s_run	47	47	3	3	2	2	0	0	5	7	0	0	11	0	10	6	0	1	5	0	0	0	2	0	0	5	7	0	0	11	0	10	6	0	1	5	0	0	0	2	0	0
test_cgroup1_hierarchy	lsm/bpf:lsm_run	47	47	3	3	2	2	0	0	5	7	0	0	11	0	10	6	0	1	5	0	0	0	2	0	0	5	7	0	0	11	0	10	6	0	1	5	0	0	0	2	0	0
test_cgroup_link	cgroup_skb/egress:egress	6	6	6	6	1	1	0	0	0	2	0	0	0	0	2	0	0	0	0	0	1	0	1	0	0	0	2	0	0	0	0	2	0	0	0	0	0	1	0	1	0	0
test_cgroup_link	cgroup_skb/egress:egress_alt	6	6	6	6	1	1	0	0	0	2	0	0	0	0	2	0	0	0	0	0	1	0	1	0	0	0	2	0	0	0	0	2	0	0	0	0	0	1	0	1	0	0
test_check_mtu	tc:tc_chk_segs_flag	14	14	14	14	1	1	4	4	3	4	0	1	1	0	2	1	0	1	0	0	0	0	1	0	0	3	4	0	1	1	0	2	1	0	1	0	0	0	0	1	0	0
test_check_mtu	tc:tc_exceed_mtu	26	26	26	26	1	1	4	4	4	6	1	1	3	1	6	2	0	1	0	0	0	0	1	0	0	4	5	1	1	3	1	6	2	1	1	0	0	0	0	1	0	0
test_check_mtu	tc:tc_exceed_mtu_da	28	28	28	28	1	1	4	4	4	7	1	1	4	1	6	2	0	1	0	0	0	0	1	0	0	4	6	1	1	4	1	6	2	1	1	0	0	0	0	1	0	0
test_check_mtu	tc:tc_input_len	21	21	21	21	1	1	4	4	3	4	1	1	2	1	6	1	0	1	0	0	0	0	1	0	0	3	4	1	1	2	1	6	1	0	1	0	0	0	0	1	0	0
test_check_mtu	tc:tc_input_len_exceed	22	22	22	22	1	1	4	4	3	5	1	1	2	1	6	1	0	1	0	0	0	0	1	0	0	3	5	1	1	2	1	6	1	0	1	0	0	0	0	1	0	0
test_check_mtu	tc:tc_minus_delta	20	20	20	20	1	1	4	4	3	5	1	1	2	1	4	1	0	1	0	0	0	0	1	0	0	4	4	1	1	2	1	4	1	0	1	0	0	0	0	1	0	0
test_check_mtu	tc:tc_use_helper	21	21	21	21	1	1	4	4	4	5	1	1	1	1	4	2	0	1	0	0	0	0	1	0	0	4	5	1	1	1	1	4	2	0	1	0	0	0	0	1	0	0
test_check_mtu	xdp:xdp_exceed_mtu	27	28	27	28	1	1	4	4	3	7	1	1	4	1	6	2	0	1	0	0	0	0	1	0	0	4	6	1	1	4	1	6	2	1	1	0	0	0	0	1	0	0
test_check_mtu	xdp:xdp_input_len	22	22	22	22	1	1	4	4	4	5	1	1	3	1	4	1	0	1	0	0	0	0	1	0	0	4	5	1	1	3	1	4	1	0	1	0	0	0	0	1	0	0
test_check_mtu	xdp:xdp_input_len_exceed	22	22	22	22	1	1	4	4	4	4	1	1	2	1	6	1	0	1	0	0	0	0	1	0	0	4	4	1	1	2	1	6	1	0	1	0	0	0	0	1	0	0
test_check_mtu	xdp:xdp_minus_delta	22	21	22	21	1	1	4	4	4	5	1	1	3	1	4	1	0	1	0	0	0	0	1	0	0	4	4	1	1	3	1	4	1	0	1	0	0	0	0	1	0	0
test_check_mtu	xdp:xdp_use_helper	26	26	26	26	1	1	4	4	3	6	1	1	3	1	6	3	0	1	0	0	0	0	1	0	0	3	6	1	1	3	1	6	3	0	1	0	0	0	0	1	0	0
test_check_mtu	xdp:xdp_use_helper_basic	12	12	12	12	1	1	4	4	4	4	0	1	0	0	0	1	0	1	0	0	0	0	1	0	0	4	4	0	1	0	0	0	1	0	1	0	0	0	0	1	0	0
test_core_reloc_existence	raw_tracepoint/sys_enter:test_core_existence	74	61	74	61	1	1	4	0	25	11	5	0	0	10	12	5	0	5	0	0	0	0	1	0	0	5	16	0	0	5	10	14	10	0	0	0	0	0	0	1	0	0
test_core_reloc_module	raw_tp/bpf_testmod_test_read:test_core_module_probed	80	82	80	3	1	2	8	24	31	14	4	0	3	8	6	7	0	6	0	0	0	0	1	0	0	30	12	4	4	3	8	6	6	0	6	1	0	0	0	2	0	0
test_core_reloc_module	tp_btf/bpf_testmod_test_read:test_core_module_direct	51	48	51	3	1	2	0	0	10	10	0	0	7	8	6	7	0	2	0	0	0	0	1	0	0	8	8	0	0	7	8	6	6	0	2	1	0	0	0	2	0	0
test_core_retro	tp/raw_syscalls/sys_enter:handle_sys_enter	31	31	31	31	1	1	8	8	14	3	0	1	1	0	4	2	0	5	0	0	0	0	1	0	0	14	2	0	2	1	0	4	2	0	5	0	0	0	0	1	0	0
test_custom_sec_handlers	abc:abc1	6	5	6	5	1	1	0	0	0	2	0	0	0	1	2	0	0	0	0	0	0	0	1	0	0	0	1	0	0	0	1	2	0	0	0	0	0	0	0	1	0	0
test_custom_sec_handlers	abc/whatever:abc2	6	5	6	5	1	1	0	0	0	2	0	0	0	1	2	0	0	0	0	0	0	0	1	0	0	0	1	0	0	0	1	2	0	0	0	0	0	0	0	1	0	0
test_custom_sec_handlers	custom:custom1	6	5	6	5	1	1	0	0	0	2	0	0	0	1	2	0	0	0	0	0	0	0	1	0	0	0	1	0	0	0	1	2	0	0	0	0	0	0	0	1	0	0
test_custom_sec_handlers	custom/something:custom2	6	5	6	5	1	1	0	0	0	2	0	0	0	1	2	0	0	0	0	0	0	0	1	0	0	0	1	0	0	0	1	2	0	0	0	0	0	0	0	1	0	0
test_custom_sec_handlers	kprobe:kprobe1	6	5	6	5	1	1	0	0	0	2	0	0	0	1	2	0	0	0	0	0	0	0	1	0	0	0	1	0	0	0	1	2	0	0	0	0	0	0	0	1	0	0
test_custom_sec_handlers	xyz/blah:xyz	11	11	11	11	1	1	0	4	3	3	0	0	0	1	2	0	0	1	0	0	0	0	1	0	0	3	2	0	1	0	1	2	0	0	1	0	0	0	0	1	0	0
test_deny_namespace	lsm.s/userns_create:test_userns_create	9	9	9	9	1	1	0	0	0	4	0	0	3	0	0	1	0	0	0	0	0	0	1	0	0	0	4	0	0	3	0	0	1	0	0	0	0	0	0	1	0	0
test_dst_clear	tc/egress:dst_clear	52	52	52	52	1	1	0	32	15	13	0	0	5	2	4	8	0	3	1	0	0	0	1	0	0	11	13	2	4	3	2	4	8	0	3	1	0	0	0	1	0	0
test_enable_stats	raw_tracepoint/sys_enter:test_enable_stats	6	6	6	6	1	1	0	0	1	1	0	0	0	0	2	0	0	0	0	0	1	0	1	0	0	1	1	0	0	0	0	2	0	0	0	0	0	1	0	1	0	0
test_endian	raw_tp/sys_enter:sys_enter	36	34	36	34	1	1	0	0	0	3	0	0	3	6	20	0	0	0	0	0	0	3	1	0	0	0	1	0	0	3	6	20	0	0	0	0	0	0	3	1	0	0
test_global_data	tc:load_static_data	222	199	222	199	1	1	4	88	63	24	0	20	0	8	86	0	0	20	0	0	0	0	1	0	0	64	1	0	21	0	8	84	0	0	20	0	0	0	0	1	0	0
test_global_func1	tc:global_func1	154	98	18	20	5	5	264	104	12	22	3	102	3	0	0	0	0	0	7	0	0	0	5	0	0	19	22	0	39	6	0	0	0	0	0	7	0	0	0	5	0	0
test_global_func2	tc:global_func2	153	159	18	20	5	5	416	416	11	19	2	106	3	0	0	0	0	0	7	0	0	0	5	0	0	16	22	0	104	5	0	0	0	0	0	7	0	0	0	5	0	0
test_global_func4	tc:global_func4	25	25	2	2	8	8	0	0	2	7	0	0	1	0	0	0	0	0	7	0	0	0	8	0	0	2	7	0	0	1	0	0	0	0	0	7	0	0	0	8	0	0
test_global_func7	tc:global_func7	6	5	3	3	2	2	0	0	0	2	0	0	0	1	0	0	0	0	1	0	0	0	2	0	0	0	1	0	0	0	1	0	0	0	0	1	0	0	0	2	0	0
test_global_func8	cgroup_skb/ingress:global_func8	8	8	6	6	2	2	0	0	0	3	0	0	0	0	0	1	0	1	1	0	0	0	2	0	0	0	3	0	0	0	0	0	1	0	1	1	0	0	0	2	0	0
test_global_func9	cgroup_skb/ingress:global_func9	95	81	61	52	6	5	48	44	19	22	1	11	8	2	6	7	0	4	9	0	0	0	6	0	0	15	17	1	10	7	2	6	6	0	4	8	0	0	0	5	0	0
test_global_func_args	cgroup_skb/ingress:test_cls	141	134	74	70	4	4	24	20	52	18	2	18	5	4	20	4	2	8	4	0	0	0	4	0	0	51	13	2	19	3	4	20	4	2	8	4	0	0	0	4	0	0
test_hash_large_key	raw_tracepoint/sys_enter:bpf_hash_large_key_test	21	18	21	18	1	1	8	8	7	3	0	2	0	1	4	1	0	2	0	0	0	0	1	0	0	6	1	0	2	0	1	4	1	0	2	0	0	0	0	1	0	0
test_helper_restricted	?kprobe:kprobe_spin_lock	15	14	15	14	1	1	4	4	5	2	0	1	0	0	2	1	0	3	0	0	0	0	1	0	0	5	1	0	1	0	0	2	1	0	3	0	0	0	0	1	0	0
test_helper_restricted	?kprobe:kprobe_timer	27	26	27	26	1	1	4	4	9	2	0	1	0	0	8	1	0	5	0	0	0	0	1	0	0	9	1	0	1	0	0	8	1	0	5	0	0	0	0	1	0	0
test_helper_restricted	?perf_event:perf_event_spin_lock	15	14	15	14	1	1	4	4	5	2	0	1	0	0	2	1	0	3	0	0	0	0	1	0	0	5	1	0	1	0	0	2	1	0	3	0	0	0	0	1	0	0
test_helper_restricted	?perf_event:perf_event_timer	27	26	27	26	1	1	4	4	9	2	0	1	0	0	8	1	0	5	0	0	0	0	1	0	0	9	1	0	1	0	0	8	1	0	5	0	0	0	0	1	0	0
test_helper_restricted	?raw_tp/sys_enter:raw_tp_spin_lock	15	14	15	14	1	1	4	4	5	2	0	1	0	0	2	1	0	3	0	0	0	0	1	0	0	5	1	0	1	0	0	2	1	0	3	0	0	0	0	1	0	0
test_helper_restricted	?raw_tp/sys_enter:raw_tp_timer	27	26	27	26	1	1	4	4	9	2	0	1	0	0	8	1	0	5	0	0	0	0	1	0	0	9	1	0	1	0	0	8	1	0	5	0	0	0	0	1	0	0
test_helper_restricted	?tp/syscalls/sys_enter_nanosleep:tp_spin_lock	15	14	15	14	1	1	4	4	5	2	0	1	0	0	2	1	0	3	0	0	0	0	1	0	0	5	1	0	1	0	0	2	1	0	3	0	0	0	0	1	0	0
test_helper_restricted	?tp/syscalls/sys_enter_nanosleep:tp_timer	27	26	27	26	1	1	4	4	9	2	0	1	0	0	8	1	0	5	0	0	0	0	1	0	0	9	1	0	1	0	0	8	1	0	5	0	0	0	0	1	0	0
test_ldsx_insn	?cgroup/getsockopt:_getsockopt	21	16	21	16	1	1	0	0	4	2	0	0	4	6	4	0	0	0	0	0	0	0	1	0	0	0	1	0	0	4	6	4	0	0	0	0	0	0	0	1	0	0
test_ldsx_insn	?fentry/bpf_testmod_test_arg_ptr_to_struct:test_ptr_struct_arg	9	7	9	7	1	1	0	0	2	1	0	0	2	1	2	0	0	0	0	0	0	0	1	0	0	0	1	0	0	2	1	2	0	0	0	0	0	0	0	1	0	0
test_ldsx_insn	?raw_tp/sys_enter:map_val_prog	20	17	20	17	1	1	0	0	0	4	0	0	3	2	8	2	0	0	0	0	0	0	1	0	0	0	1	0	0	3	2	8	2	0	0	0	0	0	0	1	0	0
test_ldsx_insn	?raw_tp/sys_enter:rdonly_map_prog	20	17	20	17	1	1	0	0	0	4	0	0	3	2	8	2	0	0	0	0	0	0	1	0	0	0	1	0	0	3	2	8	2	0	0	0	0	0	0	1	0	0
test_ldsx_insn	?tc:_tc	12	9	12	9	1	1	0	0	2	2	0	0	2	3	2	0	0	0	0	0	0	0	1	0	0	0	1	0	0	2	3	2	0	0	0	0	0	0	0	1	0	0
test_legacy_printk	tp/raw_syscalls/sys_enter:handle_legacy	49	33	49	33	1	1	48	4	11	7	0	7	2	1	12	4	0	4	0	0	0	0	1	0	0	12	2	0	1	2	1	6	4	0	4	0	0	0	0	1	0	0
test_legacy_printk	tp/raw_syscalls/sys_enter:handle_modern	37	20	37	20	1	1	40	0	3	7	0	6	3	1	12	2	0	2	0	0	0	0	1	0	0	4	2	0	0	2	1	6	2	0	2	0	0	0	0	1	0	0
test_link_pinning	raw_tp/sys_enter:raw_tp_prog	8	8	8	8	1	1	0	0	0	1	0	0	1	1	4	0	0	0	0	0	0	0	1	0	0	0	1	0	0	1	1	4	0	0	0	0	0	0	0	1	0	0
test_link_pinning	tp_btf/sys_enter:tp_btf_prog	8	8	8	8	1	1	0	0	0	1	0	0	1	1	4	0	0	0	0	0	0	0	1	0	0	0	1	0	0	1	1	4	0	0	0	0	0	0	0	1	0	0
test_lookup_and_delete	tp/syscalls/sys_enter_getpgid:bpf_lookup_and_delete_test	16	16	16	16	1	1	0	0	2	1	0	0	1	0	8	1	0	2	0	0	0	0	1	0	0	2	1	0	0	1	0	8	1	0	2	0	0	0	0	1	0	0
test_lookup_key	lsm.s/bpf:bpf	27	27	27	27	1	1	0	0	2	4	0	0	4	0	8	3	1	1	3	0	0	0	1	0	0	2	4	0	0	4	0	8	3	1	1	3	0	0	0	1	0	0
test_lwt_ip_encap	?fexit/bpf_lwt_push_ip_encap:fexit_lwt_push_ip_encap	41	58	41	58	1	1	0	3	1	6	0	0	13	3	10	7	0	0	0	0	0	0	1	0	0	13	6	3	3	7	3	10	7	2	3	0	0	0	0	1	0	0
test_lwt_ip_encap	encap_gre:bpf_lwt_encap_gre	36	44	36	44	1	1	24	24	4	13	0	4	4	7	0	1	0	1	0	0	0	1	1	0	0	5	6	0	26	2	0	0	1	0	1	0	0	0	2	1	0	0
test_lwt_ip_encap	encap_gre6:bpf_lwt_encap_gre6	41	72	41	72	1	1	48	44	4	13	0	7	3	10	0	1	0	1	0	0	0	1	1	0	0	5	6	0	54	2	0	0	1	0	1	0	0	0	2	1	0	0
test_lwt_ip_encap	encap_vxlan:bpf_lwt_encap_vxlan	130	88	130	88	1	1	56	50	47	23	0	7	4	42	0	1	0	1	0	0	0	4	1	0	0	7	6	0	66	2	0	0	1	0	1	0	0	0	4	1	0	0
test_lwt_ip_encap	encap_vxlan6:bpf_lwt_encap_vxlan6	121	106	121	106	1	1	72	70	41	21	0	10	3	39	0	1	0	1	0	0	0	4	1	0	0	7	6	0	84	2	0	0	1	0	1	0	0	0	4	1	0	0
test_lwt_redirect	redir_egress:test_lwt_redirect_out	36	40	36	40	1	1	16	14	10	10	0	3	3	0	2	3	1	3	0	0	0	0	1	0	0	9	6	0	14	3	0	0	3	1	3	0	0	0	0	1	0	0
test_lwt_redirect	redir_egress_nomac:test_lwt_redirect_out_nomac	11	10	11	10	1	1	0	0	3	2	0	0	3	0	0	1	0	1	0	0	0	0	1	0	0	3	1	0	0	3	0	0	1	0	1	0	0	0	0	1	0	0
test_lwt_redirect	redir_ingress:test_lwt_redirect_in	36	40	36	40	1	1	16	14	10	10	0	3	3	0	2	3	1	3	0	0	0	0	1	0	0	9	6	0	14	3	0	0	3	1	3	0	0	0	0	1	0	0
test_lwt_redirect	redir_ingress_nomac:test_lwt_redirect_in_nomac	11	10	11	10	1	1	0	0	3	2	0	0	3	0	0	1	0	1	0	0	0	0	1	0	0	3	1	0	0	3	0	0	1	0	1	0	0	0	0	1	0	0
test_lwt_reroute	lwt_xmit:test_lwt_reroute	16	15	16	15	1	1	0	0	2	5	0	0	4	1	0	3	0	0	0	0	0	0	1	0	0	2	4	0	0	4	1	0	3	0	0	0	0	0	0	1	0	0
test_map_init	tp/syscalls/sys_enter_getpgid:sysenter_getpgid	16	16	16	16	1	1	0	0	2	1	0	0	1	0	8	1	0	2	0	0	0	0	1	0	0	2	1	0	0	1	0	8	1	0	2	0	0	0	0	1	0	0
test_map_lock	cgroup/skb:bpf_map_lock_test	62	62	62	62	1	1	4	8	10	5	0	1	0	32	4	2	0	7	0	0	0	0	1	0	0	10	4	0	2	0	32	4	2	0	7	0	0	0	0	1	0	0
test_map_lookup_percpu_elem	tp/syscalls/sys_enter_getuid:sysenter_getuid	57	55	57	55	1	1	16	16	12	1	3	6	4	3	22	1	0	4	0	0	0	0	1	0	0	9	4	3	6	2	3	22	1	0	4	0	0	0	0	1	0	0
test_map_ops	tp/syscalls/sys_enter_geteuid:map_pop	18	17	18	17	1	1	0	4	5	1	0	0	1	1	6	1	0	2	0	0	0	0	1	0	0	3	1	0	1	1	1	6	1	0	2	0	0	0	0	1	0	0
test_map_ops	tp/syscalls/sys_enter_getgid:map_peek	18	17	18	17	1	1	0	4	5	1	0	0	1	1	6	1	0	2	0	0	0	0	1	0	0	3	1	0	1	1	1	6	1	0	2	0	0	0	0	1	0	0
test_map_ops	tp/syscalls/sys_enter_getpgid:map_for_each_fail	33	30	33	30	1	1	8	12	11	3	0	2	1	1	10	1	0	3	0	0	0	0	1	0	0	9	1	0	3	1	1	10	1	0	3	0	0	0	0	1	0	0
test_map_ops	tp/syscalls/sys_enter_getpid:map_update	25	21	25	21	1	1	8	8	8	3	0	2	1	1	6	1	0	2	0	0	0	0	1	0	0	6	1	0	2	1	1	6	1	0	2	0	0	0	0	1	0	0
test_map_ops	tp/syscalls/sys_enter_getppid:map_delete	20	17	20	17	1	1	4	4	5	2	0	1	1	1	6	1	0	2	0	0	0	0	1	0	0	3	1	0	1	1	1	6	1	0	2	0	0	0	0	1	0	0
test_map_ops	tp/syscalls/sys_enter_gettid:map_for_each_pass	33	30	33	30	1	1	8	12	11	3	0	2	1	1	10	1	0	3	0	0	0	0	1	0	0	9	1	0	3	1	1	10	1	0	3	0	0	0	0	1	0	0
test_map_ops	tp/syscalls/sys_enter_getuid:map_push	21	18	21	18	1	1	4	4	6	2	0	1	1	1	6	1	0	2	0	0	0	0	1	0	0	4	1	0	1	1	1	6	1	0	2	0	0	0	0	1	0	0
test_migrate_reuseport	sk_reuseport/migrate:migrate_reuseport	41	42	41	42	1	1	8	8	7	4	0	1	4	0	12	7	1	3	0	0	1	0	1	0	0	7	4	0	1	4	0	12	7	2	3	0	0	1	0	1	0	0
test_migrate_reuseport	xdp:drop_ack	41	47	41	47	1	1	0	0	11	5	0	0	10	0	2	10	1	0	0	0	0	1	1	0	0	10	8	0	0	11	0	2	10	4	0	0	0	0	1	1	0	0
test_mmap	raw_tracepoint/sys_enter:test_mmap	52	49	52	49	1	1	24	32	17	5	0	6	3	1	14	1	0	4	0	0	0	0	1	0	0	19	1	1	7	2	1	12	1	0	4	0	0	0	0	1	0	0
test_module_attach	?fentry:handle_fentry_explicit_manual	6	6	6	6	1	1	0	0	0	1	0	0	1	1	2	0	0	0	0	0	0	0	1	0	0	0	1	0	0	1	1	2	0	0	0	0	0	0	0	1	0	0
test_module_attach	?fentry:handle_fentry_manual	6	6	6	6	1	1	0	0	0	1	0	0	1	1	2	0	0	0	0	0	0	0	1	0	0	0	1	0	0	1	1	2	0	0	0	0	0	0	0	1	0	0
test_module_attach	?fentry/bpf_testmod:bpf_testmod_test_read:handle_fentry_explicit	6	6	6	6	1	1	0	0	0	1	0	0	1	1	2	0	0	0	0	0	0	0	1	0	0	0	1	0	0	1	1	2	0	0	0	0	0	0	0	1	0	0
test_module_attach	?fentry/bpf_testmod_test_read:handle_fentry	6	6	6	6	1	1	0	0	0	1	0	0	1	1	2	0	0	0	0	0	0	0	1	0	0	0	1	0	0	1	1	2	0	0	0	0	0	0	0	1	0	0
test_module_attach	?fexit/bpf_testmod_return_ptr:handle_fexit_ret	18	17	18	17	1	1	8	8	8	3	0	1	3	0	0	0	0	2	0	0	0	0	1	0	0	7	3	0	1	3	0	0	0	0	2	0	0	0	0	1	0	0
test_module_attach	?fexit/bpf_testmod_test_read:handle_fexit	10	10	10	10	1	1	0	0	0	1	0	0	2	2	4	0	0	0	0	0	0	0	1	0	0	0	1	0	0	2	2	4	0	0	0	0	0	0	0	1	0	0
test_module_attach	?fmod_ret/bpf_testmod_test_read:handle_fmod_ret	6	6	6	6	1	1	0	0	0	1	0	0	1	1	2	0	0	0	0	0	0	0	1	0	0	0	1	0	0	1	1	2	0	0	0	0	0	0	0	1	0	0
test_module_attach	?kprobe.multi/bpf_testmod_test_read:kprobe_multi	2	2	2	2	1	1	0	0	0	1	0	0	0	0	0	0	0	0	0	0	0	0	1	0	0	0	1	0	0	0	0	0	0	0	0	0	0	0	0	1	0	0
test_module_attach	?raw_tp.w/bpf_testmod_test_writable_bare_tp:handle_raw_tp_writable_bare	18	18	18	18	1	1	0	0	0	3	0	0	4	3	6	1	0	0	0	0	0	0	1	0	0	0	3	0	0	4	3	6	1	0	0	0	0	0	0	1	0	0
test_module_attach	?raw_tp/bpf_testmod_test_read:handle_raw_tp	13	14	13	14	1	1	8	8	4	2	1	0	1	1	2	0	0	1	0	0	0	0	1	0	0	4	2	1	1	1	1	2	0	0	1	0	0	0	0	1	0	0
test_module_attach	?raw_tp/bpf_testmod_test_write_bare_tp:handle_raw_tp_bare	13	14	13	14	1	1	8	8	4	2	1	0	1	1	2	0	0	1	0	0	0	0	1	0	0	4	2	1	1	1	1	2	0	0	1	0	0	0	0	1	0	0
test_module_attach	?tp_btf/bpf_testmod_test_read:handle_tp_btf	7	7	7	7	1	1	0	0	0	1	0	0	2	1	2	0	0	0	0	0	0	0	1	0	0	0	1	0	0	2	1	2	0	0	0	0	0	0	0	1	0	0
test_netfilter_link_attach	netfilter:nf_link_attach_test	2	2	2	2	1	1	0	0	0	1	0	0	0	0	0	0	0	0	0	0	0	0	1	0	0	0	1	0	0	0	0	0	0	0	0	0	0	0	0	1	0	0
test_ns_current_pid_tgid	?cgroup/bind4:cgroup_bind4	21	23	21	23	1	1	8	8	2	2	2	0	2	2	8	1	0	1	0	0	0	0	1	0	0	2	2	2	2	2	2	8	1	0	1	0	0	0	0	1	0	0
test_ns_current_pid_tgid	?sk_msg:sk_msg	21	23	21	23	1	1	8	8	2	2	2	0	2	2	8	1	0	1	0	0	0	0	1	0	0	2	2	2	2	2	2	8	1	0	1	0	0	0	0	1	0	0
test_ns_current_pid_tgid	?tracepoint/syscalls/sys_enter_nanosleep:tp_handler	21	23	21	23	1	1	8	8	2	2	2	0	2	2	8	1	0	1	0	0	0	0	1	0	0	2	2	2	2	2	2	8	1	0	1	0	0	0	0	1	0	0
test_obj_id	raw_tp/sys_enter:test_obj_id	10	9	10	9	1	1	16	4	2	2	0	2	0	0	2	0	0	1	0	0	0	0	1	0	0	3	1	0	1	0	0	2	0	0	1	0	0	0	0	1	0	0
test_overhead	fentry/__set_task_comm:prog4	2	2	2	2	1	1	0	0	0	1	0	0	0	0	0	0	0	0	0	0	0	0	1	0	0	0	1	0	0	0	0	0	0	0	0	0	0	0	0	1	0	0
test_overhead	fexit/__set_task_comm:prog5	2	2	2	2	1	1	0	0	0	1	0	0	0	0	0	0	0	0	0	0	0	0	1	0	0	0	1	0	0	0	0	0	0	0	0	0	0	0	0	1	0	0
test_overhead	kprobe/__set_task_comm:prog1	5	5	5	5	1	1	0	0	0	2	0	0	1	0	0	1	0	0	0	0	0	0	1	0	0	0	2	0	0	1	0	0	1	0	0	0	0	0	0	1	0	0
test_overhead	kretprobe/__set_task_comm:prog2	2	2	2	2	1	1	0	0	0	0	0	0	1	0	0	0	0	0	0	0	0	0	1	0	0	0	0	0	0	1	0	0	0	0	0	0	0	0	0	1	0	0
test_overhead	raw_tp/task_rename:prog3	5	5	5	5	1	1	0	0	0	2	0	0	1	0	0	1	0	0	0	0	0	0	1	0	0	0	2	0	0	1	0	0	1	0	0	0	0	0	0	1	0	0
test_perf_branches	perf_event:perf_branches	57	55	57	55	1	1	96	96	13	8	0	12	1	5	12	2	0	3	0	0	0	0	1	0	0	12	7	0	12	1	5	12	2	0	3	0	0	0	0	1	0	0
test_perf_buffer	tp/raw_syscalls/sys_enter:handle_sys_enter	27	26	27	26	1	1	8	8	9	2	0	2	1	0	6	2	0	4	0	0	0	0	1	0	0	9	1	0	2	1	0	6	2	0	4	0	0	0	0	1	0	0
test_perf_link	perf_event:handler	6	6	6	6	1	1	0	0	0	2	0	0	0	0	2	0	0	0	0	0	1	0	1	0	0	0	2	0	0	0	0	2	0	0	0	0	0	1	0	1	0	0
test_perf_skip	perf_event:handler	8	8	8	8	1	1	0	0	0	2	0	0	2	0	2	1	0	0	0	0	0	0	1	0	0	0	2	0	0	2	0	2	1	0	0	0	0	0	0	1	0	0
test_pkt_access	tc:test_pkt_access	231	245	70	82	8	8	448	448	26	29	7	118	19	1	0	15	1	0	7	0	0	0	8	0	0	33	35	7	117	18	1	0	16	3	0	7	0	0	0	8	0	0
test_pkt_md_access	tc:test_pkt_md_access	33	33	33	33	1	1	0	0	0	8	0	0	16	0	0	8	0	0	0	0	0	0	1	0	0	0	8	0	0	16	0	0	8	0	0	0	0	0	0	1	0	0
test_probe_read_user_str	tracepoint/syscalls/sys_enter_nanosleep:on_write	20	18	20	18	1	1	0	0	3	2	0	0	2	1	8	1	0	2	0	0	0	0	1	0	0	1	2	0	0	2	1	8	1	0	2	0	0	0	0	1	0	0
test_queue_map	tc:_test	28	49	28	49	1	1	4	8	9	4	1	0	2	1	4	4	0	2	0	0	0	0	1	0	0	10	15	1	2	6	4	4	4	0	2	0	0	0	0	1	0	0
test_raw_tp_test_run	raw_tp/task_rename:rename	16	16	16	16	1	1	0	0	0	3	0	0	3	2	4	2	0	1	0	0	0	0	1	0	0	0	3	0	0	3	2	4	2	0	1	0	0	0	0	1	0	0
test_rdonly_maps	raw_tracepoint/sys_enter:full_loop:full_loop	35	17	35	17	1	1	8	0	4	6	8	5	4	3	4	0	0	0	0	0	0	0	1	0	0	1	4	0	0	4	3	4	0	0	0	0	0	0	0	1	0	0
test_rdonly_maps	raw_tracepoint/sys_enter:part_loop:part_loop	27	20	27	20	1	1	8	0	1	7	4	2	3	3	4	2	0	0	0	0	0	0	1	0	0	3	5	0	0	2	3	4	2	0	0	0	0	0	0	1	0	0
test_rdonly_maps	raw_tracepoint/sys_enter:skip_loop:skip_loop	29	25	29	25	1	1	8	0	1	9	4	2	3	3	4	2	0	0	0	0	0	0	1	0	0	3	9	0	0	2	3	4	2	1	0	0	0	0	0	1	0	0
test_ringbuf	fentry/__x64_sys_getpgid:test_ringbuf	93	94	93	94	1	1	0	0	20	3	0	0	7	8	36	3	2	10	0	0	3	0	1	0	0	19	3	0	0	8	8	36	3	3	10	0	0	3	0	1	0	0
test_send_signal_kern	perf_event:send_signal_perf	69	63	69	63	1	1	0	0	8	6	0	0	9	1	20	14	3	3	4	0	0	0	1	0	0	11	10	0	0	5	1	12	12	4	3	4	0	0	0	1	0	0
test_send_signal_kern	tracepoint/sched/sched_switch:send_signal_tp_sched	69	63	69	63	1	1	0	0	8	6	0	0	9	1	20	14	3	3	4	0	0	0	1	0	0	11	10	0	0	5	1	12	12	4	3	4	0	0	0	1	0	0
test_send_signal_kern	tracepoint/syscalls/sys_enter_nanosleep:send_signal_tp	69	63	69	63	1	1	0	0	8	6	0	0	9	1	20	14	3	3	4	0	0	0	1	0	0	11	10	0	0	5	1	12	12	4	3	4	0	0	0	1	0	0
test_signed_loader	socket:probe	2	2	2	2	1	1	0	0	0	1	0	0	0	0	0	0	0	0	0	0	0	0	1	0	0	0	1	0	0	0	0	0	0	0	0	0	0	0	0	1	0	0
test_signed_loader_data	socket:probe	4	4	4	4	1	1	0	0	0	0	0	0	1	0	2	0	0	0	0	0	0	0	1	0	0	0	0	0	0	1	0	2	0	0	0	0	0	0	0	1	0	0
test_signed_loader_lsm	lsm/bpf_prog_load:inspect_prog_load	29	28	29	28	1	1	0	0	0	2	0	0	9	4	10	2	0	1	0	0	0	0	1	0	0	1	2	0	0	7	4	10	2	0	1	0	0	0	0	1	0	0
test_signed_loader_map	socket:probe	11	11	11	11	1	1	4	4	2	2	0	1	1	0	2	1	0	1	0	0	0	0	1	0	0	3	1	0	1	1	0	2	1	0	1	0	0	0	0	1	0	0
test_sk_assign_libbpf	tc:bpf_sk_assign_test	131	128	131	128	1	1	8	8	58	17	0	4	12	0	4	23	4	8	0	0	0	0	1	0	0	54	14	0	2	14	0	4	23	7	9	0	0	0	0	1	0	0
test_sk_lookup_kern	?tc:err_modify_sk_or_null_pointer	18	16	18	16	1	1	40	40	7	3	0	5	0	0	0	0	0	2	0	0	0	0	1	0	0	6	2	0	5	0	0	0	0	0	2	0	0	0	0	1	0	0
test_sk_lookup_kern	?tc:err_modify_sk_pointer	19	17	19	17	1	1	40	40	7	3	0	5	0	0	0	1	0	2	0	0	0	0	1	0	0	6	2	0	5	0	0	0	1	0	2	0	0	0	0	1	0	0
test_sk_lookup_kern	?tc:err_no_release	15	13	15	13	1	1	40	40	5	3	0	5	0	0	0	0	0	1	0	0	0	0	1	0	0	4	2	0	5	0	0	0	0	0	1	0	0	0	0	1	0	0
test_sk_lookup_kern	?tc:err_no_release_subcall	15	13	15	13	1	1	40	40	5	3	0	5	0	0	0	0	0	1	0	0	0	0	1	0	0	4	2	0	5	0	0	0	0	0	1	0	0	0	0	1	0	0
test_sk_lookup_kern	?tc:err_release_twice	20	18	20	18	1	1	40	40	8	3	0	5	0	0	0	0	0	3	0	0	0	0	1	0	0	7	2	0	5	0	0	0	0	0	3	0	0	0	0	1	0	0
test_sk_lookup_kern	?tc:err_release_unchecked	17	15	17	15	1	1	40	40	6	3	0	5	0	0	0	0	0	2	0	0	0	0	1	0	0	5	2	0	5	0	0	0	0	0	2	0	0	0	0	1	0	0
test_sk_lookup_kern	?tc:err_use_after_free	20	27	20	27	1	1	40	40	7	3	0	5	1	0	0	1	0	2	0	0	0	0	1	0	0	6	8	0	5	4	0	0	1	0	2	0	0	0	0	1	0	0
test_sk_lookup_kern	?tc:sk_lookup_success	66	62	66	62	1	1	0	0	27	13	0	0	6	0	2	13	1	3	0	0	0	0	1	0	0	28	8	0	0	6	0	4	9	2	4	0	0	0	0	1	0	0
test_sk_lookup_kern	?tc:sk_lookup_success_simple	18	16	18	16	1	1	40	40	6	3	0	5	0	0	0	1	0	2	0	0	0	0	1	0	0	5	2	0	5	0	0	0	1	0	2	0	0	0	0	1	0	0
test_sk_storage_trace_itself	fentry/bpf_sk_storage_free:trace_bpf_sk_storage_free	11	10	11	10	1	1	0	0	2	2	0	0	1	1	2	1	0	1	0	0	0	0	1	0	0	2	1	0	0	1	1	2	1	0	1	0	0	0	0	1	0	0
test_skb_ctx	tc:process	44	39	44	39	1	1	0	0	1	9	0	0	14	8	0	11	0	0	0	0	0	0	1	0	0	1	4	0	0	14	8	0	11	0	0	0	0	0	0	1	0	0
test_skb_helpers	tc:test_skb_helpers	18	21	18	21	1	1	0	20	11	3	0	0	0	0	0	0	0	3	0	0	0	0	1	0	0	11	3	0	3	0	0	0	0	0	3	0	0	0	0	1	0	0
test_skmsg_load_helpers	sk_msg:prog_msg_verdict	32	34	32	34	1	1	4	4	12	4	1	0	2	1	4	2	0	5	0	0	0	0	1	0	0	14	4	1	1	1	1	4	2	0	5	0	0	0	0	1	0	0
test_skmsg_load_helpers	sk_msg:prog_msg_verdict_clone	32	34	32	34	1	1	4	4	12	4	1	0	2	1	4	2	0	5	0	0	0	0	1	0	0	14	4	1	1	1	1	4	2	0	5	0	0	0	0	1	0	0
test_skmsg_load_helpers	sk_msg:prog_msg_verdict_clone2	32	34	32	34	1	1	4	4	12	4	1	0	2	1	4	2	0	5	0	0	0	0	1	0	0	14	4	1	1	1	1	4	2	0	5	0	0	0	0	1	0	0
test_skmsg_load_helpers	sk_skb/stream_verdict:prog_skb_verdict	2	2	2	2	1	1	0	0	0	1	0	0	0	0	0	0	0	0	0	0	0	0	1	0	0	0	1	0	0	0	0	0	0	0	0	0	0	0	0	1	0	0
test_sleepable_tracepoints	raw_tp.s:handle_raw_tp_bare	2	2	2	2	1	1	0	0	0	1	0	0	0	0	0	0	0	0	0	0	0	0	1	0	0	0	1	0	0	0	0	0	0	0	0	0	0	0	0	1	0	0
test_sleepable_tracepoints	raw_tp.s/sched_switch:handle_raw_tp_non_faultable	2	2	2	2	1	1	0	0	0	1	0	0	0	0	0	0	0	0	0	0	0	0	1	0	0	0	1	0	0	0	0	0	0	0	0	0	0	0	0	1	0	0
test_sleepable_tracepoints	raw_tp.s/sys_enter:handle_sys_enter_raw_tp	36	36	36	22	1	2	8	8	8	6	1	0	3	2	8	3	1	3	0	0	0	0	1	0	0	6	6	1	1	3	2	8	3	0	3	1	0	0	0	2	0	0
test_sleepable_tracepoints	raw_tp.s/sys_enter:handle_test_run	8	8	8	8	1	1	0	0	0	3	0	0	2	0	0	2	0	0	0	0	0	0	1	0	0	0	3	0	0	2	0	0	2	0	0	0	0	0	0	1	0	0
test_sleepable_tracepoints	raw_tracepoint.s/sys_enter:handle_sys_enter_raw_tp_alias	2	2	2	2	1	1	0	0	0	1	0	0	0	0	0	0	0	0	0	0	0	0	1	0	0	0	1	0	0	0	0	0	0	0	0	0	0	0	0	1	0	0
test_sleepable_tracepoints	tp.s:handle_tp_bare	2	2	2	2	1	1	0	0	0	1	0	0	0	0	0	0	0	0	0	0	0	0	1	0	0	0	1	0	0	0	0	0	0	0	0	0	0	0	0	1	0	0
test_sleepable_tracepoints	tp.s/sched/sched_switch:handle_tp_non_syscall	2	2	2	2	1	1	0	0	0	1	0	0	0	0	0	0	0	0	0	0	0	0	1	0	0	0	1	0	0	0	0	0	0	0	0	0	0	0	0	1	0	0
test_sleepable_tracepoints	tp.s/syscalls/sys_enter_getcwd:handle_sys_enter_tp	27	47	27	33	1	2	0	0	5	4	0	0	2	2	8	2	1	2	0	0	0	0	1	0	0	12	9	0	0	9	2	8	2	0	2	1	0	0	0	2	0	0
test_sleepable_tracepoints	tp.s/syscalls/sys_exit_getcwd:handle_sys_exit_tp	36	35	36	21	1	2	8	8	10	5	1	0	1	2	8	2	1	5	0	0	0	0	1	0	0	8	4	1	1	1	2	8	2	0	5	1	0	0	0	2	0	0
test_sleepable_tracepoints	tp_btf.s/sys_enter:handle_sys_enter_tp_btf	29	36	29	22	1	2	0	8	3	5	0	0	4	2	8	3	1	2	0	0	0	0	1	0	0	6	6	1	1	3	2	8	3	0	3	1	0	0	0	2	0	0
test_sleepable_tracepoints	tracepoint.s/syscalls/sys_enter_getcwd:handle_sys_enter_tp_alias	2	2	2	2	1	1	0	0	0	1	0	0	0	0	0	0	0	0	0	0	0	0	1	0	0	0	1	0	0	0	0	0	0	0	0	0	0	0	0	1	0	0
test_sockmap_change_tail	sk_skb:prog_skb_verdict	32	25	32	25	1	1	0	0	11	6	0	0	4	1	2	4	1	2	0	0	0	0	1	0	0	5	6	0	0	4	1	2	4	0	2	0	0	0	0	1	0	0
test_sockmap_drop_prog	sk_skb:prog_skb_verdict	2	2	2	2	1	1	0	0	0	1	0	0	0	0	0	0	0	0	0	0	0	0	1	0	0	0	1	0	0	0	0	0	0	0	0	0	0	0	0	1	0	0
test_sockmap_invalid_update	sockops:bpf_sockmap	13	12	13	12	1	1	4	4	3	2	0	1	2	0	2	1	0	1	0	0	0	0	1	0	0	3	1	0	1	1	0	2	1	1	1	0	0	0	0	1	0	0
test_sockmap_msg_pop_data	sk_msg:prog_msg_pop_data	11	11	11	11	1	1	0	0	1	3	0	0	1	1	2	1	0	1	0	0	0	0	1	0	0	1	3	0	0	1	1	2	1	0	1	0	0	0	0	1	0	0
test_sockmap_pass_prog	sk_skb/stream_parser:prog_skb_parser	2	2	2	2	1	1	0	0	0	1	0	0	0	0	0	0	0	0	0	0	0	0	1	0	0	0	1	0	0	0	0	0	0	0	0	0	0	0	0	1	0	0
test_sockmap_pass_prog	sk_skb/stream_parser:prog_skb_verdict_ingress_strp	2	2	2	2	1	1	0	0	0	0	0	0	1	0	0	0	0	0	0	0	0	0	1	0	0	0	0	0	0	1	0	0	0	0	0	0	0	0	0	1	0	0
test_sockmap_pass_prog	sk_skb/stream_verdict:prog_skb_verdict	2	2	2	2	1	1	0	0	0	1	0	0	0	0	0	0	0	0	0	0	0	0	1	0	0	0	1	0	0	0	0	0	0	0	0	0	0	0	0	1	0	0
test_sockmap_pass_prog	sk_skb/stream_verdict:prog_skb_verdict_clone	6	5	6	5	1	1	0	0	0	2	0	0	0	1	2	0	0	0	0	0	0	0	1	0	0	0	1	0	0	0	1	2	0	0	0	0	0	0	0	1	0	0
test_sockmap_pass_prog	sk_skb/stream_verdict:prog_skb_verdict_ingress	6	6	6	6	1	1	0	0	1	1	0	0	0	0	2	0	0	1	0	0	0	0	1	0	0	1	1	0	0	0	0	2	0	0	1	0	0	0	0	1	0	0
test_sockmap_progs_query	sk_msg:prog_skmsg_verdict	2	2	2	2	1	1	0	0	0	1	0	0	0	0	0	0	0	0	0	0	0	0	1	0	0	0	1	0	0	0	0	0	0	0	0	0	0	0	0	1	0	0
test_sockmap_progs_query	sk_skb:prog_skb_verdict	2	2	2	2	1	1	0	0	0	1	0	0	0	0	0	0	0	0	0	0	0	0	1	0	0	0	1	0	0	0	0	0	0	0	0	0	0	0	0	1	0	0
test_sockmap_skb_verdict_attach	sk_skb/verdict:prog_skb_verdict	2	2	2	2	1	1	0	0	0	1	0	0	0	0	0	0	0	0	0	0	0	0	1	0	0	0	1	0	0	0	0	0	0	0	0	0	0	0	0	1	0	0
test_sockmap_strp	sk_skb/stream_parser:prog_skb_parser	2	2	2	2	1	1	0	0	0	0	0	0	1	0	0	0	0	0	0	0	0	0	1	0	0	0	0	0	0	1	0	0	0	0	0	0	0	0	0	1	0	0
test_sockmap_strp	sk_skb/stream_parser:prog_skb_parser_partial	5	5	5	5	1	1	0	0	0	2	0	0	1	0	0	1	0	0	0	0	0	0	1	0	0	0	2	0	0	1	0	0	1	0	0	0	0	0	0	1	0	0
test_sockmap_strp	sk_skb/stream_parser:prog_skb_parser_resize	6	6	6	6	1	1	0	0	2	0	0	0	2	0	0	0	0	1	0	0	0	0	1	0	0	2	0	0	0	2	0	0	0	0	1	0	0	0	0	1	0	0
test_sockmap_strp	sk_skb/stream_verdict:prog_skb_verdict	12	12	12	12	1	1	0	0	1	2	0	0	2	0	4	1	0	1	0	0	0	0	1	0	0	1	2	0	0	2	0	4	1	0	1	0	0	0	0	1	0	0
test_sockmap_strp	sk_skb/stream_verdict:prog_skb_verdict_pass	2	2	2	2	1	1	0	0	0	1	0	0	0	0	0	0	0	0	0	0	0	0	1	0	0	0	1	0	0	0	0	0	0	0	0	0	0	0	0	1	0	0
test_spin_lock	cgroup_skb/ingress:bpf_spin_lock_test	96	87	96	87	1	1	28	16	29	13	4	8	8	4	10	7	0	12	0	0	0	0	1	0	0	29	11	0	4	8	4	10	7	1	12	0	0	0	0	1	0	0
test_spin_lock	tc:lock_static_subprog_call	24	20	15	15	2	2	4	0	2	6	1	1	3	0	4	2	0	2	1	0	0	0	2	0	0	2	4	0	0	3	0	4	2	0	2	1	0	0	0	2	0	0
test_spin_lock	tc:lock_static_subprog_lock	29	21	7	7	3	3	4	0	2	7	2	3	3	0	4	1	0	2	2	0	0	0	3	0	0	1	5	0	0	3	0	4	1	0	2	2	0	0	0	3	0	0
test_spin_lock	tc:lock_static_subprog_unlock	29	21	7	7	3	3	4	0	4	5	2	3	3	0	4	1	0	2	2	0	0	0	3	0	0	3	3	0	0	3	0	4	1	0	2	2	0	0	0	3	0	0
test_stack_map	tc:_test	28	49	28	49	1	1	4	8	9	4	1	0	2	1	4	4	0	2	0	0	0	0	1	0	0	10	15	1	2	6	4	4	4	0	2	0	0	0	0	1	0	0
test_subprogs	raw_tp/sys_enter:prog1	54	55	27	28	4	4	4	4	14	18	2	1	0	1	4	2	0	4	4	0	0	0	4	0	0	14	17	2	3	0	1	4	2	0	4	4	0	0	0	4	0	0
test_subprogs	raw_tp/sys_enter:prog3	57	58	30	31	4	4	4	4	16	17	2	1	0	1	6	2	0	5	3	0	0	0	4	0	0	16	16	2	3	0	1	6	2	0	5	3	0	0	0	4	0	0
test_subprogs	raw_tp/sys_exit:prog2	60	61	27	28	6	6	4	4	14	20	2	1	0	1	4	2	0	4	6	0	0	0	6	0	0	14	19	2	3	0	1	4	2	0	4	6	0	0	0	6	0	0
test_subprogs	raw_tp/sys_exit:prog4	69	69	26	27	5	5	4	4	16	24	2	2	0	1	6	2	0	5	6	0	0	0	5	0	0	16	22	2	4	0	1	6	2	0	5	6	0	0	0	5	0	0
test_subprogs_extable	fexit/bpf_testmod_return_ptr:handle_fexit_ret_subprogs	17	17	17	17	1	1	0	0	2	2	0	0	4	1	6	0	0	1	0	0	0	0	1	0	0	2	2	0	0	4	1	6	0	0	1	0	0	0	0	1	0	0
test_subprogs_extable	fexit/bpf_testmod_return_ptr:handle_fexit_ret_subprogs2	17	17	17	17	1	1	0	0	2	2	0	0	4	1	6	0	0	1	0	0	0	0	1	0	0	2	2	0	0	4	1	6	0	0	1	0	0	0	0	1	0	0
test_subprogs_extable	fexit/bpf_testmod_return_ptr:handle_fexit_ret_subprogs3	17	17	17	17	1	1	0	0	2	2	0	0	4	1	6	0	0	1	0	0	0	0	1	0	0	2	2	0	0	4	1	6	0	0	1	0	0	0	0	1	0	0
test_subprogs_unused	raw_tp/sys_enter:main_prog	2	2	2	2	1	1	0	0	0	1	0	0	0	0	0	0	0	0	0	0	0	0	1	0	0	0	1	0	0	0	0	0	0	0	0	0	0	0	0	1	0	0
test_task_pt_regs	uprobe:handle_uprobe	22	21	22	21	1	1	0	0	4	4	0	0	0	1	6	2	0	4	0	0	0	0	1	0	0	4	3	0	0	0	1	6	2	0	4	0	0	0	0	1	0	0
test_task_under_cgroup	lsm.s/bpf:lsm_run	25	27	25	27	1	1	0	0	7	4	0	0	3	0	2	4	0	1	3	0	0	0	1	0	0	9	4	0	0	3	0	2	4	0	1	3	0	0	0	1	0	0
test_task_under_cgroup	tp_btf/task_newtask:tp_btf_run	38	33	38	33	1	1	0	0	10	1	0	0	6	1	8	5	0	1	5	0	0	0	1	0	0	9	1	0	0	4	1	6	5	0	1	5	0	0	0	1	0	0
test_tc_bpf	tc:cls	2	2	2	2	1	1	0	0	0	1	0	0	0	0	0	0	0	0	0	0	0	0	1	0	0	0	1	0	0	0	0	0	0	0	0	0	0	0	0	1	0	0
test_tc_bpf	tcx/ingress:pkt_ptr	7	7	7	7	1	1	0	0	1	2	0	0	2	0	0	1	0	0	0	0	0	0	1	0	0	1	2	0	0	2	0	0	1	0	0	0	0	0	0	1	0	0
test_tc_change_tail	tc/ingress:change_tail	89	87	89	87	1	1	0	0	25	17	0	0	9	4	8	15	4	6	0	0	0	0	1	0	0	22	20	0	0	8	4	8	14	4	6	0	0	0	0	1	0	0
test_tc_dtime	tc:egress_fwdns_prio100	122	146	38	146	2	1	0	0	18	35	0	0	17	2	12	29	5	0	1	0	0	1	2	0	0	14	60	0	0	31	2	6	26	5	0	0	0	0	1	1	0	0
test_tc_dtime	tc:egress_fwdns_prio101	157	187	73	187	2	1	0	0	27	38	0	0	21	3	22	35	6	1	1	0	0	1	2	0	0	22	67	0	0	36	5	12	34	8	1	0	0	0	1	1	0	0
test_tc_dtime	tc:egress_host	164	163	80	163	2	1	0	0	20	35	0	0	25	2	32	38	8	0	1	0	0	1	2	0	0	14	60	0	0	34	2	10	32	9	0	0	0	0	1	1	0	0
test_tc_dtime	tc:ingress_fwdns_prio100	115	145	31	145	2	1	0	0	17	35	0	0	17	2	8	28	4	0	1	0	0	1	2	0	0	14	60	0	0	31	2	4	26	6	0	0	0	0	1	1	0	0
test_tc_dtime	tc:ingress_fwdns_prio101	175	197	91	197	2	1	0	0	33	42	0	0	22	3	26	37	6	2	1	0	0	1	2	0	0	21	71	0	0	36	4	16	35	10	2	0	0	0	1	1	0	0
test_tc_dtime	tc:ingress_host	122	146	38	146	2	1	0	0	16	34	0	0	19	1	14	29	5	0	1	0	0	1	2	0	0	14	59	0	0	32	1	6	26	6	0	0	0	0	1	1	0	0
test_tc_edt	tc:tc_prog	93	119	93	119	1	1	24	20	34	11	1	4	11	1	8	15	2	5	0	0	0	0	1	0	0	44	18	1	4	20	1	8	16	1	5	0	0	0	0	1	0	0
test_tc_link	tc/egress:tc2	6	5	6	5	1	1	0	0	0	2	0	0	0	1	2	0	0	0	0	0	0	0	1	0	0	0	1	0	0	0	1	2	0	0	0	0	0	0	0	1	0	0
test_tc_link	tc/egress:tc3	6	5	6	5	1	1	0	0	0	2	0	0	0	1	2	0	0	0	0	0	0	0	1	0	0	0	1	0	0	0	1	2	0	0	0	0	0	0	0	1	0	0
test_tc_link	tc/egress:tc4	6	5	6	5	1	1	0	0	0	2	0	0	0	1	2	0	0	0	0	0	0	0	1	0	0	0	1	0	0	0	1	2	0	0	0	0	0	0	0	1	0	0
test_tc_link	tc/egress:tc5	6	5	6	5	1	1	0	0	0	2	0	0	0	1	2	0	0	0	0	0	0	0	1	0	0	0	1	0	0	0	1	2	0	0	0	0	0	0	0	1	0	0
test_tc_link	tc/egress:tc6	6	5	6	5	1	1	0	0	0	2	0	0	0	1	2	0	0	0	0	0	0	0	1	0	0	0	1	0	0	0	1	2	0	0	0	0	0	0	0	1	0	0
test_tc_link	tc/egress:tc8	45	47	45	47	1	1	12	16	16	5	3	0	2	5	10	0	0	3	0	0	0	0	1	0	0	16	4	3	3	2	5	10	0	0	3	0	0	0	0	1	0	0
test_tc_link	tc/ingress:tc1	54	51	54	51	1	1	16	16	10	14	1	4	3	3	8	7	0	3	0	0	0	0	1	0	0	9	11	1	4	3	3	8	7	1	3	0	0	0	0	1	0	0
test_tc_link	tc/ingress:tc7	38	36	38	36	1	1	16	16	6	9	1	3	3	2	6	5	0	2	0	0	0	0	1	0	0	5	7	1	3	3	2	6	5	1	2	0	0	0	0	1	0	0
test_tc_neigh	tc:tc_chk	16	41	16	41	1	1	0	0	2	4	0	0	5	0	0	4	0	0	0	0	0	0	1	0	0	2	22	0	0	14	0	0	2	0	0	0	0	0	0	1	0	0
test_tc_neigh	tc:tc_dst	52	82	52	82	1	1	16	16	15	6	0	2	11	0	2	12	1	2	0	0	0	0	1	0	0	12	12	0	2	26	0	2	24	1	2	0	0	0	0	1	0	0
test_tc_neigh	tc:tc_src	52	82	52	82	1	1	16	16	15	6	0	2	11	0	2	12	1	2	0	0	0	0	1	0	0	12	12	0	2	26	0	2	24	1	2	0	0	0	0	1	0	0
test_tc_neigh_fib	tc:tc_chk	16	41	16	41	1	1	0	0	2	4	0	0	5	0	0	4	0	0	0	0	0	0	1	0	0	2	22	0	0	14	0	0	2	0	0	0	0	0	0	1	0	0
test_tc_neigh_fib	tc:tc_dst	158	245	158	245	1	1	100	120	36	22	10	34	23	12	0	12	2	4	0	0	0	2	1	0	0	22	72	22	41	55	12	0	12	2	4	0	0	0	2	1	0	0
test_tc_neigh_fib	tc:tc_src	158	245	158	245	1	1	100	120	36	22	10	34	23	12	0	12	2	4	0	0	0	2	1	0	0	22	72	22	41	55	12	0	12	2	4	0	0	0	2	1	0	0
test_tc_peer	tc:tc_chk	2	2	2	2	1	1	0	0	0	1	0	0	0	0	0	0	0	0	0	0	0	0	1	0	0	0	1	0	0	0	0	0	0	0	0	0	0	0	0	1	0	0
test_tc_peer	tc:tc_dst	6	6	6	6	1	1	0	0	1	0	0	0	1	0	2	0	0	1	0	0	0	0	1	0	0	1	0	0	0	1	0	2	0	0	1	0	0	0	0	1	0	0
test_tc_peer	tc:tc_dst_ing	16	15	16	15	1	1	0	0	2	1	0	0	3	1	4	1	1	2	0	0	0	0	1	0	0	2	0	0	0	3	1	4	1	1	2	0	0	0	0	1	0	0
test_tc_peer	tc:tc_dst_l3	6	6	6	6	1	1	0	0	1	0	0	0	1	0	2	0	0	1	0	0	0	0	1	0	0	1	0	0	0	1	0	2	0	0	1	0	0	0	0	1	0	0
test_tc_peer	tc:tc_src	6	6	6	6	1	1	0	0	1	0	0	0	1	0	2	0	0	1	0	0	0	0	1	0	0	1	0	0	0	1	0	2	0	0	1	0	0	0	0	1	0	0
test_tc_peer	tc:tc_src_ing	16	15	16	15	1	1	0	0	2	1	0	0	3	1	4	1	1	2	0	0	0	0	1	0	0	2	0	0	0	3	1	4	1	1	2	0	0	0	0	1	0	0
test_tc_peer	tc:tc_src_l3	42	42	42	42	1	1	2	2	13	10	0	1	2	0	6	4	0	5	0	0	0	0	1	0	0	13	10	0	1	2	0	6	4	0	5	0	0	0	0	1	0	0
test_tc_tunnel	tc:__encap_gre_eth	116	136	116	136	1	1	80	104	26	36	13	10	6	5	2	9	0	5	0	0	0	3	1	0	0	18	29	32	37	1	0	2	9	0	5	0	0	0	2	1	0	0
test_tc_tunnel	tc:__encap_gre_mpls	110	136	110	136	1	1	80	96	23	34	13	11	6	5	2	8	0	4	0	0	0	3	1	0	0	15	27	32	44	1	0	2	8	0	4	0	0	0	2	1	0	0
test_tc_tunnel	tc:__encap_gre_none	106	135	106	135	1	1	80	96	24	32	13	10	6	5	0	8	0	4	0	0	0	3	1	0	0	16	27	32	44	1	0	0	8	0	4	0	0	0	2	1	0	0
test_tc_tunnel	tc:__encap_ip6gre_eth	103	155	103	155	1	1	112	136	37	23	10	9	4	3	2	6	0	5	0	0	0	3	1	0	0	18	16	42	61	1	0	2	7	0	5	0	0	0	2	1	0	0
test_tc_tunnel	tc:__encap_ip6gre_mpls	96	179	96	179	1	1	112	136	33	21	10	10	4	3	2	5	0	4	0	0	0	3	1	0	0	17	16	43	86	1	0	2	6	0	4	0	0	0	3	1	0	0
test_tc_tunnel	tc:__encap_ip6gre_none	93	176	93	176	1	1	112	136	34	20	10	9	4	3	0	5	0	4	0	0	0	3	1	0	0	18	16	43	84	1	0	0	6	0	4	0	0	0	3	1	0	0
test_tc_tunnel	tc:__encap_ip6tnl_none	86	173	86	173	1	1	112	136	34	17	10	5	4	3	0	5	0	4	0	0	0	3	1	0	0	18	16	43	81	1	0	0	6	0	4	0	0	0	3	1	0	0
test_tc_tunnel	tc:__encap_ip6udp_eth	132	160	132	160	1	1	112	136	55	26	10	5	5	11	2	6	0	5	0	0	0	6	1	0	0	18	17	43	62	1	0	2	7	0	5	0	0	0	4	1	0	0
test_tc_tunnel	tc:__encap_ip6udp_mpls	125	191	125	191	1	1	112	136	51	24	10	6	5	11	2	5	0	4	0	0	0	6	1	0	0	19	17	44	91	1	0	2	6	0	4	0	0	0	6	1	0	0
test_tc_tunnel	tc:__encap_ip6udp_none	122	188	122	188	1	1	112	136	52	23	10	5	5	11	0	5	0	4	0	0	0	6	1	0	0	20	17	44	89	1	0	0	6	0	4	0	0	0	6	1	0	0
test_tc_tunnel	tc:__encap_ip6vxlan_eth	136	162	136	162	1	1	112	136	55	28	10	7	5	11	2	6	0	5	0	0	0	6	1	0	0	18	17	43	62	1	0	4	7	0	5	0	0	0	4	1	0	0
test_tc_tunnel	tc:__encap_ipip6_none	100	116	100	116	1	1	72	104	32	28	0	10	6	10	0	7	0	6	0	0	0	0	1	0	0	20	19	4	57	1	0	0	8	0	6	0	0	0	0	1	0	0
test_tc_tunnel	tc:__encap_ipip_none	101	135	101	135	1	1	80	96	24	31	13	6	6	5	0	8	0	4	0	0	0	3	1	0	0	16	27	32	44	1	0	0	8	0	4	0	0	0	2	1	0	0
test_tc_tunnel	tc:__encap_sit_none	143	182	143	182	1	1	80	119	33	44	13	6	11	13	0	10	1	6	0	0	0	5	1	0	0	23	32	33	70	1	0	0	9	2	6	0	0	0	5	1	0	0
test_tc_tunnel	tc:__encap_udp_eth	145	141	145	141	1	1	80	104	44	39	13	6	7	13	2	9	0	5	0	0	0	6	1	0	0	18	30	33	38	1	0	2	9	0	5	0	0	0	4	1	0	0
test_tc_tunnel	tc:__encap_udp_mpls	139	140	139	140	1	1	80	96	41	37	13	7	7	13	2	8	0	4	0	0	0	6	1	0	0	15	28	33	44	1	0	2	8	0	4	0	0	0	4	1	0	0
test_tc_tunnel	tc:__encap_udp_none	136	139	136	139	1	1	80	96	42	36	13	6	7	13	0	8	0	4	0	0	0	6	1	0	0	16	28	33	44	1	0	0	8	0	4	0	0	0	4	1	0	0
test_tc_tunnel	tc:__encap_vxlan_eth	149	143	149	143	1	1	80	104	44	41	13	8	7	13	2	9	0	5	0	0	0	6	1	0	0	18	30	33	40	1	0	2	9	0	5	0	0	0	4	1	0	0
test_tc_tunnel	tc:decap_f	129	131	44	42	2	2	4	40	37	43	2	0	6	0	0	22	8	6	1	0	0	2	2	0	0	29	39	6	13	1	0	0	22	10	6	1	0	0	2	2	0	0
test_tcp_estats	tp/dummy/tracepoint:_dummy_tracepoint	418	432	418	432	1	1	76	72	178	48	42	97	1	1	2	2	1	45	0	0	0	0	1	0	0	185	49	42	96	8	1	2	2	1	45	0	0	0	0	1	0	0
test_tcpbpf_kern	sockops:bpf_testcb	161	150	161	150	1	1	72	72	30	32	0	5	26	17	16	17	7	10	0	0	0	0	1	0	0	23	30	1	12	16	16	18	14	9	10	0	0	0	0	1	0	0
test_time_tai	tc:time_tai	10	10	10	10	1	1	0	0	3	1	0	0	0	3	0	0	0	2	0	0	0	0	1	0	0	3	1	0	0	0	3	0	0	0	2	0	0	0	0	1	0	0
test_trace_ext	freplace/test_pkt_md_access:test_pkt_md_access_new	6	6	6	6	1	1	0	0	0	1	0	0	1	1	2	0	0	0	0	0	0	0	1	0	0	0	1	0	0	1	1	2	0	0	0	0	0	0	0	1	0	0
test_trace_ext_tracing	fentry/test_pkt_md_access_new:fentry	7	7	7	7	1	1	0	0	0	1	0	0	2	1	2	0	0	0	0	0	0	0	1	0	0	0	1	0	0	2	1	2	0	0	0	0	0	0	0	1	0	0
test_trace_ext_tracing	fexit/test_pkt_md_access_new:fexit	7	7	7	7	1	1	0	0	0	1	0	0	2	1	2	0	0	0	0	0	0	0	1	0	0	0	1	0	0	2	1	2	0	0	0	0	0	0	0	1	0	0
test_tracepoint	tracepoint/sched/sched_switch:oncpu	2	2	2	2	1	1	0	0	0	1	0	0	0	0	0	0	0	0	0	0	0	0	1	0	0	0	1	0	0	0	0	0	0	0	0	0	0	0	0	1	0	0
test_unpriv_bpf_disabled	fentry/__x64_sys_nanosleep:sys_nanosleep_enter	25	33	25	33	1	1	0	8	6	1	0	0	1	0	12	1	0	3	0	0	0	0	1	0	0	10	1	0	2	3	0	12	1	0	3	0	0	0	0	1	0	0
test_unpriv_bpf_disabled	perf_event:handle_perf_event	2	2	2	2	1	1	0	0	0	1	0	0	0	0	0	0	0	0	0	0	0	0	1	0	0	0	1	0	0	0	0	0	0	0	0	0	0	0	0	1	0	0
test_uprobe	uprobe:test4	12	11	12	11	1	1	0	0	1	2	0	0	1	1	4	1	0	1	0	0	0	0	1	0	0	1	1	0	0	1	1	4	1	0	1	0	0	0	0	1	0	0
test_uprobe	uprobe:test_regs_change	29	29	29	29	1	1	0	0	2	1	0	0	10	9	4	1	0	1	0	0	0	0	1	0	0	2	1	0	0	10	9	4	1	0	1	0	0	0	0	1	0	0
test_uprobe	uprobe:test_regs_change_ip	13	13	13	13	1	1	0	0	2	1	0	0	2	1	4	1	0	1	0	0	0	0	1	0	0	2	1	0	0	2	1	4	1	0	1	0	0	0	0	1	0	0
test_uprobe	uprobe/./liburandom_read.so:urandlib_api_sameoffset:test1	12	11	12	11	1	1	0	0	1	2	0	0	1	1	4	1	0	1	0	0	0	0	1	0	0	1	1	0	0	1	1	4	1	0	1	0	0	0	0	1	0	0
test_uprobe	uprobe/./liburandom_read.so:urandlib_api_sameoffset@LIBURANDOM_READ_1.0.0:test2	12	11	12	11	1	1	0	0	1	2	0	0	1	1	4	1	0	1	0	0	0	0	1	0	0	1	1	0	0	1	1	4	1	0	1	0	0	0	0	1	0	0
test_uprobe	uretprobe/./liburandom_read.so:urandlib_api_sameoffset@@LIBURANDOM_READ_2.0.0:test3	12	13	12	13	1	1	0	0	1	1	0	0	2	1	4	1	0	1	0	0	0	0	1	0	0	2	1	0	0	2	1	4	1	0	1	0	0	0	0	1	0	0
test_uprobe_autoattach	uprobe:handle_uprobe_noautoattach	2	2	2	2	1	1	0	0	0	1	0	0	0	0	0	0	0	0	0	0	0	0	1	0	0	0	1	0	0	0	0	0	0	0	0	0	0	0	0	1	0	0
test_uprobe_autoattach	uprobe//proc/self/exe:autoattach_trigger_func:handle_uprobe_byname	35	22	35	22	1	1	24	0	5	3	3	2	6	8	6	0	0	1	0	0	0	0	1	0	0	0	1	0	0	6	8	6	0	0	0	0	0	0	0	1	0	0
test_uprobe_autoattach	uprobe/libc.so.6:fopen:handle_uprobe_byname2	16	16	16	16	1	1	0	0	1	2	0	0	2	2	6	1	0	1	0	0	0	0	1	0	0	2	1	0	0	2	2	6	1	0	1	0	0	0	0	1	0	0
test_uprobe_autoattach	uretprobe//proc/self/exe:autoattach_trigger_func:handle_uretprobe_byname	21	12	21	12	1	1	8	0	5	3	1	0	1	3	6	0	0	1	0	0	0	0	1	0	0	0	1	0	0	1	3	6	0	0	0	0	0	0	0	1	0	0
test_uprobe_autoattach	uretprobe/libc.so.6:fopen:handle_uretprobe_byname2	16	16	16	16	1	1	0	0	1	2	0	0	2	2	6	1	0	1	0	0	0	0	1	0	0	2	1	0	0	2	2	6	1	0	1	0	0	0	0	1	0	0
test_vmlinux	fentry:handle__fentry	8	7	8	7	1	1	0	0	0	2	0	0	1	1	2	1	0	0	0	0	0	0	1	0	0	0	1	0	0	1	1	2	1	0	0	0	0	0	0	1	0	0
test_vmlinux	kprobe:handle__kprobe	8	7	8	7	1	1	0	0	0	2	0	0	1	1	2	1	0	0	0	0	0	0	1	0	0	0	1	0	0	1	1	2	1	0	0	0	0	0	0	1	0	0
test_vmlinux	raw_tp/sys_enter:handle__raw_tp	25	24	25	24	1	1	8	16	8	4	2	0	2	1	2	3	0	2	0	0	0	0	1	0	0	6	3	2	2	2	1	2	3	0	2	0	0	0	0	1	0	0
test_vmlinux	tp/syscalls/sys_enter_nanosleep:handle__tp	18	47	18	47	1	1	8	8	4	3	1	0	2	1	2	3	0	1	0	0	0	0	1	0	0	11	14	1	1	12	1	2	3	0	1	0	0	0	0	1	0	0
test_vmlinux	tp_btf/sys_enter:handle__tp_btf	25	24	25	24	1	1	8	16	8	4	2	0	2	1	2	3	0	2	0	0	0	0	1	0	0	6	3	2	2	2	1	2	3	0	2	0	0	0	0	1	0	0
test_xdp	xdp:_xdp_tx_iptunnel	260	397	260	16	1	3	32	40	46	41	2	17	58	49	8	25	3	6	0	0	0	4	1	0	0	45	63	4	33	107	90	8	25	5	6	2	0	0	6	3	0	0
test_xdp_adjust_tail_grow	xdp:_xdp_adjust_tail_grow	36	37	36	37	1	1	0	0	4	9	0	0	0	0	0	13	7	2	0	0	0	0	1	0	0	4	9	0	0	0	0	0	13	8	2	0	0	0	0	1	0	0
test_xdp_adjust_tail_shrink	xdp:_xdp_adjust_tail_shrink	28	28	28	28	1	1	0	0	5	8	0	0	3	0	0	7	2	2	0	0	0	0	1	0	0	7	5	0	0	4	0	2	5	2	2	0	0	0	0	1	0	0
test_xdp_attach_fail	tp/xdp/bpf_xdp_link_attach_failed:tp__xdp__bpf_xdp_link_attach_failed	29	27	29	27	1	1	64	64	10	3	0	8	1	0	4	0	0	2	0	0	0	0	1	0	0	8	3	0	8	1	0	4	0	0	2	0	0	0	0	1	0	0
test_xdp_context_test_run	xdp:xdp_context	13	13	13	13	1	1	0	0	2	4	0	0	3	0	0	2	0	1	0	0	0	0	1	0	0	2	4	0	0	3	0	0	2	0	1	0	0	0	0	1	0	0
test_xdp_devmap_tailcall	xdp:xdp_entry	6	6	6	6	1	1	0	0	0	2	0	0	0	0	2	0	0	1	0	0	0	0	1	0	0	0	2	0	0	0	0	2	0	0	1	0	0	0	0	1	0	0
test_xdp_do_redirect	tc:tc_count_pkts	21	17	21	17	1	1	0	0	5	3	0	0	5	2	2	3	0	0	0	0	0	0	1	0	0	2	2	0	0	5	2	2	3	0	0	0	0	0	0	1	0	0
test_xdp_do_redirect	xdp:xdp_count_pkts	21	17	21	17	1	1	0	0	5	3	0	0	5	2	2	3	0	0	0	0	0	0	1	0	0	2	2	0	0	5	2	2	3	0	0	0	0	0	0	1	0	0
test_xdp_do_redirect	xdp:xdp_redirect	49	48	49	48	1	1	0	0	6	7	0	0	12	3	10	8	0	2	0	0	0	0	1	0	0	6	8	0	0	10	3	10	8	0	2	0	0	0	0	1	0	0
test_xdp_do_redirect	xdp:xdp_redirect_to_111	4	4	4	4	1	1	0	0	1	1	0	0	0	0	0	0	0	1	0	0	0	0	1	0	0	1	1	0	0	0	0	0	0	0	1	0	0	0	0	1	0	0
test_xdp_do_redirect	xdp:xdp_redirect_to_222	4	4	4	4	1	1	0	0	1	1	0	0	0	0	0	0	0	1	0	0	0	0	1	0	0	1	1	0	0	0	0	0	0	0	1	0	0	0	0	1	0	0
test_xdp_link	tc:tc_handler	2	2	2	2	1	1	0	0	0	1	0	0	0	0	0	0	0	0	0	0	0	0	1	0	0	0	1	0	0	0	0	0	0	0	0	0	0	0	0	1	0	0
test_xdp_link	xdp:xdp_handler	2	2	2	2	1	1	0	0	0	1	0	0	0	0	0	0	0	0	0	0	0	0	1	0	0	0	1	0	0	0	0	0	0	0	0	0	0	0	0	1	0	0
test_xdp_loop	xdp:_xdp_tx_iptunnel	254	371	254	371	1	1	40	28	50	29	3	18	57	49	8	26	3	6	0	0	0	4	1	0	0	39	57	2	31	106	89	8	23	3	6	0	0	0	6	1	0	0
test_xdp_update_frags	xdp.frags:xdp_adjust_frags	39	44	39	44	1	1	16	16	11	9	2	4	3	0	2	5	0	2	0	0	0	0	1	0	0	10	14	2	4	6	0	0	5	0	2	0	0	0	0	1	0	0
test_xdp_vlan	tc:tc_vlan_push	5	5	5	5	1	1	0	0	0	3	0	0	0	0	0	0	0	1	0	0	0	0	1	0	0	0	3	0	0	0	0	0	0	0	1	0	0	0	0	1	0	0
test_xdp_vlan	xdp:xdp_drop_vlan_4011	19	29	19	29	1	1	0	0	2	7	0	0	5	0	0	4	0	0	0	0	0	0	1	0	0	2	14	0	0	6	0	0	6	0	0	0	0	0	0	1	0	0
test_xdp_vlan	xdp:xdp_vlan_change	20	25	20	25	1	1	0	0	2	7	0	0	5	1	0	4	0	0	0	0	0	0	1	0	0	2	9	0	0	6	2	0	4	1	0	0	0	0	0	1	0	0
test_xdp_vlan	xdp:xdp_vlan_remove_outer	41	41	41	41	1	1	0	0	2	6	0	0	16	12	0	3	0	1	0	0	0	0	1	0	0	2	6	0	0	16	12	0	3	0	1	0	0	0	0	1	0	0
test_xdp_vlan	xdp:xdp_vlan_remove_outer2	23	41	23	41	1	1	0	0	2	6	0	0	7	3	0	3	0	1	0	0	0	0	1	0	0	2	6	0	0	16	12	0	3	0	1	0	0	0	0	1	0	0
test_xdp_with_cpumap_frags_helpers	xdp.frags/cpumap:xdp_dummy_cm_frags	2	2	2	2	1	1	0	0	0	1	0	0	0	0	0	0	0	0	0	0	0	0	1	0	0	0	1	0	0	0	0	0	0	0	0	0	0	0	0	1	0	0
test_xdp_with_cpumap_frags_helpers	xdp/cpumap:xdp_dummy_cm	2	2	2	2	1	1	0	0	0	1	0	0	0	0	0	0	0	0	0	0	0	0	1	0	0	0	1	0	0	0	0	0	0	0	0	0	0	0	0	1	0	0
test_xdp_with_cpumap_helpers	xdp:xdp_dummy_prog	2	2	2	2	1	1	0	0	0	1	0	0	0	0	0	0	0	0	0	0	0	0	1	0	0	0	1	0	0	0	0	0	0	0	0	0	0	0	0	1	0	0
test_xdp_with_cpumap_helpers	xdp:xdp_redir_prog	6	6	6	6	1	1	0	0	2	0	0	0	0	0	2	0	0	1	0	0	0	0	1	0	0	2	0	0	0	0	0	2	0	0	1	0	0	0	0	1	0	0
test_xdp_with_cpumap_helpers	xdp.frags/cpumap:xdp_dummy_cm_frags	2	2	2	2	1	1	0	0	0	1	0	0	0	0	0	0	0	0	0	0	0	0	1	0	0	0	1	0	0	0	0	0	0	0	0	0	0	0	0	1	0	0
test_xdp_with_cpumap_helpers	xdp/cpumap:xdp_dummy_cm	14	13	14	13	1	1	8	0	0	3	1	1	2	1	2	2	0	1	0	0	0	0	1	0	0	1	3	0	0	2	1	2	2	0	1	0	0	0	0	1	0	0
test_xdp_with_devmap_frags_helpers	xdp.frags/devmap:xdp_dummy_dm_frags	2	2	2	2	1	1	0	0	0	1	0	0	0	0	0	0	0	0	0	0	0	0	1	0	0	0	1	0	0	0	0	0	0	0	0	0	0	0	0	1	0	0
test_xdp_with_devmap_frags_helpers	xdp/devmap:xdp_dummy_dm	2	2	2	2	1	1	0	0	0	1	0	0	0	0	0	0	0	0	0	0	0	0	1	0	0	0	1	0	0	0	0	0	0	0	0	0	0	0	0	1	0	0
test_xdp_with_devmap_helpers	xdp:xdp_dummy_prog	2	2	2	2	1	1	0	0	0	1	0	0	0	0	0	0	0	0	0	0	0	0	1	0	0	0	1	0	0	0	0	0	0	0	0	0	0	0	0	1	0	0
test_xdp_with_devmap_helpers	xdp:xdp_redir_prog	6	6	6	6	1	1	0	0	2	0	0	0	0	0	2	0	0	1	0	0	0	0	1	0	0	2	0	0	0	0	0	2	0	0	1	0	0	0	0	1	0	0
test_xdp_with_devmap_helpers	xdp.frags/devmap:xdp_dummy_dm_frags	2	2	2	2	1	1	0	0	0	1	0	0	0	0	0	0	0	0	0	0	0	0	1	0	0	0	1	0	0	0	0	0	0	0	0	0	0	0	0	1	0	0
test_xdp_with_devmap_helpers	xdp/devmap:xdp_dummy_dm	28	11	28	11	1	1	48	0	2	4	0	6	4	0	10	0	0	1	0	0	0	0	1	0	0	0	3	0	0	4	0	2	0	0	1	0	0	0	0	1	0	0
timer_crash	fentry/do_nanosleep:sys_enter	43	39	43	39	1	1	32	32	11	2	0	5	4	0	12	4	0	4	0	0	0	0	1	0	0	8	1	0	5	4	0	12	4	0	4	0	0	0	0	1	0	0
timer_lockup	tc:timer1_prog	24	23	24	23	1	1	4	4	9	2	0	1	0	0	6	1	0	4	0	0	0	0	1	0	0	9	1	0	1	0	0	6	1	0	4	0	0	0	0	1	0	0
timer_lockup	tc:timer2_prog	24	23	24	23	1	1	4	4	9	2	0	1	0	0	6	1	0	4	0	0	0	0	1	0	0	9	1	0	1	0	0	6	1	0	4	0	0	0	0	1	0	0
token_kallsyms	xdp:xdp_main	4	5	2	2	2	2	0	0	0	1	0	0	0	0	0	0	0	0	1	0	0	0	2	0	0	2	0	0	0	0	0	0	0	0	0	1	0	0	0	2	0	0
token_lsm	lsm/bpf_token_capable:token_capable	18	16	18	16	1	1	0	0	3	4	0	0	2	0	4	3	0	1	0	0	0	0	1	0	0	1	4	0	0	2	0	4	3	0	1	0	0	0	0	1	0	0
token_lsm	lsm/bpf_token_cmd:token_cmd	18	16	18	16	1	1	0	0	3	4	0	0	2	0	4	3	0	1	0	0	0	0	1	0	0	1	4	0	0	2	0	4	3	0	1	0	0	0	0	1	0	0
trace_dummy_st_ops	fentry/test_1:fentry_test_1	12	18	12	18	1	1	8	16	2	3	1	0	1	0	2	0	0	2	0	0	0	0	1	0	0	4	3	2	2	1	1	2	0	0	2	0	0	0	0	1	0	0
tracing_failure	?fentry/__rcu_read_lock:tracing_deny	2	2	2	2	1	1	0	0	0	1	0	0	0	0	0	0	0	0	0	0	0	0	1	0	0	0	1	0	0	0	0	0	0	0	0	0	0	0	0	1	0	0
tracing_failure	?fentry/bpf_spin_lock:test_spin_lock	2	2	2	2	1	1	0	0	0	1	0	0	0	0	0	0	0	0	0	0	0	0	1	0	0	0	1	0	0	0	0	0	0	0	0	0	0	0	0	1	0	0
tracing_failure	?fentry/bpf_spin_unlock:test_spin_unlock	2	2	2	2	1	1	0	0	0	1	0	0	0	0	0	0	0	0	0	0	0	0	1	0	0	0	1	0	0	0	0	0	0	0	0	0	0	0	0	1	0	0
tracing_failure	?fexit/do_exit:fexit_noreturns	2	2	2	2	1	1	0	0	0	1	0	0	0	0	0	0	0	0	0	0	0	0	1	0	0	0	1	0	0	0	0	0	0	0	0	0	0	0	0	1	0	0
tracing_multi_bench	fentry.multi:bench	2	2	2	2	1	1	0	0	0	1	0	0	0	0	0	0	0	0	0	0	0	0	1	0	0	0	1	0	0	0	0	0	0	0	0	0	0	0	0	1	0	0
tracing_multi_fail	fentry.multi:test_fentry	2	2	2	2	1	1	0	0	0	1	0	0	0	0	0	0	0	0	0	0	0	0	1	0	0	0	1	0	0	0	0	0	0	0	0	0	0	0	0	1	0	0
tracing_multi_fail	fentry.multi.s:test_fentry_s	2	2	2	2	1	1	0	0	0	1	0	0	0	0	0	0	0	0	0	0	0	0	1	0	0	0	1	0	0	0	0	0	0	0	0	0	0	0	0	1	0	0
tracing_multi_rollback	?fentry.multi:test_fentry	15	13	15	13	1	1	0	0	4	1	0	0	2	1	4	1	0	1	0	0	0	0	1	0	0	2	1	0	0	2	1	4	1	0	1	0	0	0	0	1	0	0
tracing_multi_rollback	?fentry/bpf_fentry_test1:extra	2	2	2	2	1	1	0	0	0	1	0	0	0	0	0	0	0	0	0	0	0	0	1	0	0	0	1	0	0	0	0	0	0	0	0	0	0	0	0	1	0	0
tracing_multi_rollback	?fentry/bpf_fentry_test10:filler	2	2	2	2	1	1	0	0	0	1	0	0	0	0	0	0	0	0	0	0	0	0	1	0	0	0	1	0	0	0	0	0	0	0	0	0	0	0	0	1	0	0
tracing_multi_rollback	?fexit.multi:test_fexit	15	13	15	13	1	1	0	0	4	1	0	0	2	1	4	1	0	1	0	0	0	0	1	0	0	2	1	0	0	2	1	4	1	0	1	0	0	0	0	1	0	0
tracing_struct	fentry/bpf_testmod_test_struct_arg_1:test_struct_arg_1	22	20	22	20	1	1	0	0	4	1	0	0	4	4	8	0	0	0	0	0	0	0	1	0	0	2	1	0	0	4	4	8	0	0	0	0	0	0	0	1	0	0
tracing_struct	fentry/bpf_testmod_test_struct_arg_2:test_struct_arg_3	22	20	22	20	1	1	0	0	4	1	0	0	4	4	8	0	0	0	0	0	0	0	1	0	0	2	1	0	0	4	4	8	0	0	0	0	0	0	0	1	0	0
tracing_struct	fentry/bpf_testmod_test_struct_arg_3:test_struct_arg_5	22	20	22	20	1	1	0	0	4	1	0	0	4	4	8	0	0	0	0	0	0	0	1	0	0	2	1	0	0	4	4	8	0	0	0	0	0	0	0	1	0	0
tracing_struct	fentry/bpf_testmod_test_struct_arg_4:test_struct_arg_7	34	30	34	30	1	1	0	0	8	1	0	0	6	6	12	0	0	0	0	0	0	0	1	0	0	4	1	0	0	6	6	12	0	0	0	0	0	0	0	1	0	0
tracing_struct	fentry/bpf_testmod_test_struct_arg_5:test_struct_arg_9	2	2	2	2	1	1	0	0	0	1	0	0	0	0	0	0	0	0	0	0	0	0	1	0	0	0	1	0	0	0	0	0	0	0	0	0	0	0	0	1	0	0
tracing_struct	fentry/bpf_testmod_test_struct_arg_6:test_struct_arg_11	7	7	7	7	1	1	0	0	0	1	0	0	2	1	2	0	0	0	0	0	0	0	1	0	0	0	1	0	0	2	1	2	0	0	0	0	0	0	0	1	0	0
tracing_struct	fexit/bpf_testmod_test_struct_arg_1:test_struct_arg_2	45	42	45	42	1	1	0	0	11	5	0	0	3	4	16	0	0	5	0	0	0	0	1	0	0	8	5	0	0	3	4	16	0	0	5	0	0	0	0	1	0	0
tracing_struct	fexit/bpf_testmod_test_struct_arg_2:test_struct_arg_4	8	7	8	7	1	1	0	0	2	1	0	0	1	1	2	0	0	0	0	0	0	0	1	0	0	1	1	0	0	1	1	2	0	0	0	0	0	0	0	1	0	0
tracing_struct	fexit/bpf_testmod_test_struct_arg_3:test_struct_arg_6	8	7	8	7	1	1	0	0	2	1	0	0	1	1	2	0	0	0	0	0	0	0	1	0	0	1	1	0	0	1	1	2	0	0	0	0	0	0	0	1	0	0
tracing_struct	fexit/bpf_testmod_test_struct_arg_4:test_struct_arg_8	8	7	8	7	1	1	0	0	2	1	0	0	1	1	2	0	0	0	0	0	0	0	1	0	0	1	1	0	0	1	1	2	0	0	0	0	0	0	0	1	0	0
tracing_struct	fexit/bpf_testmod_test_struct_arg_5:test_struct_arg_10	8	7	8	7	1	1	0	0	2	1	0	0	1	1	2	0	0	0	0	0	0	0	1	0	0	1	1	0	0	1	1	2	0	0	0	0	0	0	0	1	0	0
tracing_struct	fexit/bpf_testmod_test_union_arg_1:test_union_arg_1	20	17	20	17	1	1	0	0	6	1	0	0	3	3	6	0	0	0	0	0	0	0	1	0	0	3	1	0	0	3	3	6	0	0	0	0	0	0	0	1	0	0
tracing_struct	fexit/bpf_testmod_test_union_arg_2:test_union_arg_2	16	15	16	15	1	1	0	0	2	1	0	0	3	3	6	0	0	0	0	0	0	0	1	0	0	1	1	0	0	3	3	6	0	0	0	0	0	0	0	1	0	0
tracing_struct_many_args	fentry/bpf_testmod_test_struct_arg_7:test_struct_many_args_1	36	33	36	33	1	1	0	0	6	1	0	0	7	7	14	0	0	0	0	0	0	0	1	0	0	3	1	0	0	7	7	14	0	0	0	0	0	0	0	1	0	0
tracing_struct_many_args	fentry/bpf_testmod_test_struct_arg_8:test_struct_many_args_3	42	38	42	38	1	1	0	0	8	1	0	0	8	8	16	0	0	0	0	0	0	0	1	0	0	4	1	0	0	8	8	16	0	0	0	0	0	0	0	1	0	0
tracing_struct_many_args	fentry/bpf_testmod_test_struct_arg_9:test_struct_many_args_5	65	59	65	59	1	1	8	8	15	1	1	1	10	12	24	0	0	0	0	0	0	0	1	0	0	9	1	1	1	10	12	24	0	0	0	0	0	0	0	1	0	0
tracing_struct_many_args	fexit/bpf_testmod_test_struct_arg_7:test_struct_many_args_2	8	7	8	7	1	1	0	0	2	1	0	0	1	1	2	0	0	0	0	0	0	0	1	0	0	1	1	0	0	1	1	2	0	0	0	0	0	0	0	1	0	0
tracing_struct_many_args	fexit/bpf_testmod_test_struct_arg_8:test_struct_many_args_4	8	7	8	7	1	1	0	0	2	1	0	0	1	1	2	0	0	0	0	0	0	0	1	0	0	1	1	0	0	1	1	2	0	0	0	0	0	0	0	1	0	0
tracing_struct_many_args	fexit/bpf_testmod_test_struct_arg_9:test_struct_many_args_6	8	7	8	7	1	1	0	0	2	1	0	0	1	1	2	0	0	0	0	0	0	0	1	0	0	1	1	0	0	1	1	2	0	0	0	0	0	0	0	1	0	0
twfw	cgroup_skb/ingress:twfw_verifier	25	25	25	25	1	1	4	4	6	5	0	1	2	0	4	4	0	2	0	0	0	0	1	0	0	6	4	0	1	2	0	4	4	1	2	0	0	0	0	1	0	0
uprobe_multi_bench	uprobe.multi/./uprobe_multi:uprobe_multi_func_*:uprobe_bench	7	7	7	7	1	1	0	0	0	2	0	0	1	1	2	0	0	0	0	0	0	0	1	0	0	0	2	0	0	1	1	2	0	0	0	0	0	0	0	1	0	0
uprobe_multi_consumers	uprobe.multi:uprobe_0	7	7	7	7	1	1	0	0	1	1	0	0	1	1	2	0	0	0	0	0	0	0	1	0	0	1	1	0	0	1	1	2	0	0	0	0	0	0	0	1	0	0
uprobe_multi_consumers	uprobe.multi:uprobe_1	7	7	7	7	1	1	0	0	1	1	0	0	1	1	2	0	0	0	0	0	0	0	1	0	0	1	1	0	0	1	1	2	0	0	0	0	0	0	0	1	0	0
uprobe_multi_consumers	uprobe.session:uprobe_2	7	7	7	7	1	1	0	0	1	1	0	0	1	1	2	0	0	0	0	0	0	0	1	0	0	1	1	0	0	1	1	2	0	0	0	0	0	0	0	1	0	0
uprobe_multi_consumers	uprobe.session:uprobe_3	7	7	7	7	1	1	0	0	1	1	0	0	1	1	2	0	0	0	0	0	0	0	1	0	0	1	1	0	0	1	1	2	0	0	0	0	0	0	0	1	0	0
uprobe_multi_pid_filter	uprobe.multi:uprobe_multi_0	19	19	19	19	1	1	0	0	1	3	0	0	3	2	6	1	1	1	0	0	0	0	1	0	0	1	3	0	0	3	2	6	1	1	1	0	0	0	0	1	0	0
uprobe_multi_pid_filter	uprobe.multi:uprobe_multi_1	19	19	19	19	1	1	0	0	1	3	0	0	3	2	6	1	1	1	0	0	0	0	1	0	0	1	3	0	0	3	2	6	1	1	1	0	0	0	0	1	0	0
uprobe_multi_pid_filter	uprobe.multi:uprobe_multi_2	19	19	19	19	1	1	0	0	1	3	0	0	3	2	6	1	1	1	0	0	0	0	1	0	0	1	3	0	0	3	2	6	1	1	1	0	0	0	0	1	0	0
uprobe_multi_session	uprobe.session.s//proc/self/exe:uprobe_multi_func_*:uprobe_sleepable	68	68	68	68	1	1	24	16	17	5	1	1	9	2	20	7	0	4	1	0	0	0	1	0	0	15	5	0	2	9	2	20	7	2	4	1	0	0	0	1	0	0
uprobe_multi_session	uprobe.session//proc/self/exe:uprobe_multi_func_*:uprobe	48	45	48	45	1	1	8	0	11	3	1	1	7	1	14	6	0	2	1	0	0	0	1	0	0	9	3	0	0	7	1	14	6	1	2	1	0	0	0	1	0	0
uprobe_multi_session_cookie	uprobe.session//proc/self/exe:uprobe_multi_func_1:uprobe_1	31	27	31	27	1	1	0	0	9	6	0	0	2	2	4	3	1	1	2	0	0	0	1	0	0	6	5	0	0	2	2	4	3	1	1	2	0	0	0	1	0	0
uprobe_multi_session_cookie	uprobe.session//proc/self/exe:uprobe_multi_func_2:uprobe_2	30	26	30	26	1	1	0	0	11	3	0	0	2	2	4	3	1	1	2	0	0	0	1	0	0	8	2	0	0	2	2	4	3	1	1	2	0	0	0	1	0	0
uprobe_multi_session_cookie	uprobe.session//proc/self/exe:uprobe_multi_func_3:uprobe_3	30	26	30	26	1	1	0	0	11	3	0	0	2	2	4	3	1	1	2	0	0	0	1	0	0	8	2	0	0	2	2	4	3	1	1	2	0	0	0	1	0	0
uprobe_multi_session_recursive	uprobe.session//proc/self/exe:uprobe_session_recursive:uprobe_recursive	50	47	50	47	1	1	0	0	13	9	0	0	5	4	10	4	1	1	2	0	0	0	1	0	0	10	9	0	0	5	4	10	4	1	1	2	0	0	0	1	0	0
uprobe_multi_session_single	uprobe.session//proc/self/exe:uprobe_multi_func_1:uprobe_0	16	13	16	13	1	1	0	0	5	1	0	0	2	1	4	1	0	1	0	0	0	0	1	0	0	2	1	0	0	2	1	4	1	0	1	0	0	0	0	1	0	0
uprobe_multi_session_single	uprobe.session//proc/self/exe:uprobe_multi_func_1:uprobe_1	17	15	17	15	1	1	0	0	5	2	0	0	2	1	4	1	0	1	0	0	0	0	1	0	0	3	2	0	0	2	1	4	1	0	1	0	0	0	0	1	0	0
uprobe_multi_session_single	uprobe.session//proc/self/exe:uprobe_multi_func_1:uprobe_2	15	13	15	13	1	1	0	0	4	1	0	0	2	1	4	1	0	1	0	0	0	0	1	0	0	2	1	0	0	2	1	4	1	0	1	0	0	0	0	1	0	0
uprobe_syscall	uprobe:probe	46	46	46	46	1	1	0	0	0	1	0	0	21	21	2	0	0	0	0	0	0	0	1	0	0	0	1	0	0	21	21	2	0	0	0	0	0	0	0	1	0	0
verifier_kfunc_prog_types	perf_event:cgrp_kfunc_perf_event	13	16	13	3	1	2	0	0	5	1	0	0	0	0	0	2	0	0	4	0	0	0	1	0	0	5	1	0	0	0	0	0	2	1	0	5	0	0	0	2	0	0
verifier_kfunc_prog_types	perf_event:cpumask_kfunc_perf_event	18	20	18	3	1	2	0	0	7	3	0	0	0	0	0	1	0	0	6	0	0	0	1	0	0	7	3	0	0	0	0	0	1	0	0	7	0	0	0	2	0	0
verifier_kfunc_prog_types	perf_event:task_kfunc_perf_event	14	16	14	3	1	2	0	0	4	1	0	0	1	0	0	2	0	1	4	0	0	0	1	0	0	4	1	0	0	1	0	0	2	0	1	5	0	0	0	2	0	0
verifier_kfunc_prog_types	raw_tp:cgrp_kfunc_raw_tp	13	16	13	3	1	2	0	0	5	1	0	0	0	0	0	2	0	0	4	0	0	0	1	0	0	5	1	0	0	0	0	0	2	1	0	5	0	0	0	2	0	0
verifier_kfunc_prog_types	raw_tp:cpumask_kfunc_raw_tp	18	20	18	3	1	2	0	0	7	3	0	0	0	0	0	1	0	0	6	0	0	0	1	0	0	7	3	0	0	0	0	0	1	0	0	7	0	0	0	2	0	0
verifier_kfunc_prog_types	raw_tp:task_kfunc_raw_tp	14	16	14	3	1	2	0	0	4	1	0	0	1	0	0	2	0	1	4	0	0	0	1	0	0	4	1	0	0	1	0	0	2	0	1	5	0	0	0	2	0	0
verifier_kfunc_prog_types	syscall:cgrp_kfunc_syscall	13	16	13	3	1	2	0	0	5	1	0	0	0	0	0	2	0	0	4	0	0	0	1	0	0	5	1	0	0	0	0	0	2	1	0	5	0	0	0	2	0	0
verifier_kfunc_prog_types	syscall:cpumask_kfunc_syscall	18	20	18	3	1	2	0	0	7	3	0	0	0	0	0	1	0	0	6	0	0	0	1	0	0	7	3	0	0	0	0	0	1	0	0	7	0	0	0	2	0	0
verifier_kfunc_prog_types	syscall:task_kfunc_syscall	14	16	14	3	1	2	0	0	4	1	0	0	1	0	0	2	0	1	4	0	0	0	1	0	0	4	1	0	0	1	0	0	2	0	1	5	0	0	0	2	0	0
verifier_kfunc_prog_types	tracepoint:cgrp_kfunc_tracepoint	13	16	13	3	1	2	0	0	5	1	0	0	0	0	0	2	0	0	4	0	0	0	1	0	0	5	1	0	0	0	0	0	2	1	0	5	0	0	0	2	0	0
verifier_kfunc_prog_types	tracepoint:cpumask_kfunc_tracepoint	18	20	18	3	1	2	0	0	7	3	0	0	0	0	0	1	0	0	6	0	0	0	1	0	0	7	3	0	0	0	0	0	1	0	0	7	0	0	0	2	0	0
verifier_kfunc_prog_types	tracepoint:task_kfunc_tracepoint	14	16	14	3	1	2	0	0	4	1	0	0	1	0	0	2	0	1	4	0	0	0	1	0	0	4	1	0	0	1	0	0	2	0	1	5	0	0	0	2	0	0
verifier_mtu	tc/ingress:tc_uninit_mtu	8	8	8	8	1	1	0	0	3	3	0	0	0	0	0	0	0	1	0	0	0	0	1	0	0	3	3	0	0	0	0	0	0	0	1	0	0	0	0	1	0	0
vrf_socket_lookup	tc:tc_socket_lookup	53	48	53	48	1	1	0	0	14	8	0	0	7	2	6	9	2	4	0	0	0	0	1	0	0	14	4	0	0	6	2	6	9	2	4	0	0	0	0	1	0	0
vrf_socket_lookup	xdp:xdp_socket_lookup	53	48	53	48	1	1	0	0	14	8	0	0	7	2	6	9	2	4	0	0	0	0	1	0	0	14	4	0	0	6	2	6	9	2	4	0	0	0	0	1	0	0
xdp_redirect_multi_kern	xdp:xdp_redirect_map_all_prog	6	6	6	6	1	1	0	0	2	0	0	0	0	0	2	0	0	1	0	0	0	0	1	0	0	2	0	0	0	0	0	2	0	0	1	0	0	0	0	1	0	0
xdp_redirect_multi_kern	xdp:xdp_redirect_map_multi_prog	41	40	41	40	1	1	2	2	11	3	1	1	7	0	6	6	2	2	0	0	0	1	1	0	0	9	3	1	1	7	0	6	6	3	2	0	0	0	1	1	0	0
xdp_redirect_multi_kern	xdp/devmap:xdp_devmap_prog	29	29	29	29	1	1	4	4	5	2	0	1	9	6	2	2	0	1	0	0	0	0	1	0	0	5	2	0	1	9	6	2	2	0	1	0	0	0	0	1	0	0
xdp_tx	xdp:xdp_tx	2	2	2	2	1	1	0	0	0	1	0	0	0	0	0	0	0	0	0	0	0	0	1	0	0	0	1	0	0	0	0	0	0	0	0	0	0	0	0	1	0	0
xdpwall	xdp:edgewall	127	169	127	169	1	1	16	48	33	20	1	9	16	0	14	21	3	6	0	0	0	3	1	0	0	37	41	5	13	24	0	14	22	3	6	0	0	0	3	1	0	0
xsk_xdp_progs	xdp:xsk_xdp_shared_umem	14	14	14	14	1	1	0	0	3	2	0	0	3	0	2	2	0	1	0	0	0	0	1	0	0	3	2	0	0	3	0	2	2	0	1	0	0	0	0	1	0	0
xsk_xdp_progs	xdp.frags:xsk_def_prog	6	6	6	6	1	1	0	0	2	0	0	0	0	0	2	0	0	1	0	0	0	0	1	0	0	2	0	0	0	0	0	2	0	0	1	0	0	0	0	1	0	0
xsk_xdp_progs	xdp.frags:xsk_xdp_adjust_tail	44	47	44	47	1	1	4	4	10	11	0	1	2	1	6	5	1	5	0	0	0	1	1	0	0	10	11	0	1	1	1	6	5	5	5	0	0	0	1	1	0	0
xsk_xdp_progs	xdp.frags:xsk_xdp_drop	15	15	15	15	1	1	0	0	2	4	0	0	1	1	4	1	0	1	0	0	0	0	1	0	0	2	4	0	0	1	1	4	1	0	1	0	0	0	0	1	0	0
xsk_xdp_progs	xdp.frags:xsk_xdp_populate_metadata	26	24	26	24	1	1	0	0	8	4	0	0	3	2	4	2	0	2	0	0	0	0	1	0	0	6	4	0	0	3	2	4	2	0	2	0	0	0	0	1	0	0
